site_code,date,volume
BALI-BALI-007,2025-11-01,114904
BALI-BALI-007,2025-11-02,106710
BALI-BALI-007,2025-11-03,125413
BALI-BALI-007,2025-11-04,130847
BALI-BALI-007,2025-11-05,128240
BALI-BALI-007,2025-11-06,123547
BALI-BALI-007,2025-11-07,128052
BALI-BALI-007,2025-11-08,112390
BALI-BALI-007,2025-11-09,110054
BALI-BALI-007,2025-11-10,131515
BALI-BALI-007,2025-11-11,127334
BALI-BALI-007,2025-11-12,122082
BALI-BALI-007,2025-11-13,125412
BALI-BALI-007,2025-11-14,124887
BALI-BALI-007,2025-11-15,115894
BALI-BALI-007,2025-11-16,115897
BALI-BALI-007,2025-11-17,131423
BALI-BALI-007,2025-11-18,130703
BALI-BALI-007,2025-11-19,126303
BALI-BALI-007,2025-11-20,124565
BALI-BALI-007,2025-11-21,129228
BALI-BALI-007,2025-11-22,110935
BALI-BALI-007,2025-11-23,111651
BALI-BALI-007,2025-11-24,127356
BALI-BALI-007,2025-11-25,124473
BALI-BALI-007,2025-11-26,122926
BALI-BALI-007,2025-11-27,130021
BALI-BALI-007,2025-11-28,123954
BALI-BALI-007,2025-11-29,117205
BALI-BALI-007,2025-11-30,105130
BALI-BALI-007,2025-12-01,134159
BALI-BALI-007,2025-12-02,137311
BALI-BALI-007,2025-12-03,132575
BALI-BALI-007,2025-12-04,135664
BALI-BALI-007,2025-12-05,139726
BALI-BALI-007,2025-12-06,123279
BALI-BALI-007,2025-12-07,118216
BALI-BALI-007,2025-12-08,137835
BALI-BALI-007,2025-12-09,134856
BALI-BALI-007,2025-12-10,134267
BALI-BALI-007,2025-12-11,132747
BALI-BALI-007,2025-12-12,135368
BALI-BALI-007,2025-12-13,122374
BALI-BALI-007,2025-12-14,122148
BALI-BALI-007,2025-12-15,138803
BALI-BALI-007,2025-12-16,136247
BALI-BALI-007,2025-12-17,135660
BALI-BALI-007,2025-12-18,134847
BALI-BALI-007,2025-12-19,142072
BALI-BALI-007,2025-12-20,125555
BALI-BALI-007,2025-12-21,119507
BALI-BALI-007,2025-12-22,135699
BALI-BALI-007,2025-12-23,137700
BALI-BALI-007,2025-12-24,131829
BALI-BALI-007,2025-12-25,135152
BALI-BALI-007,2025-12-26,136513
BALI-BALI-007,2025-12-27,128942
BALI-BALI-007,2025-12-28,120763
BALI-BALI-007,2025-12-29,135581
BALI-BALI-007,2025-12-30,135722
BALI-BALI-007,2025-12-31,134004
BALI-BALI-007,2026-01-01,128734
BALI-BALI-007,2026-01-02,131935
BALI-BALI-007,2026-01-03,115501
BALI-BALI-007,2026-01-04,113950
BALI-BALI-007,2026-01-05,122036
BALI-BALI-007,2026-01-06,125494
BALI-BALI-007,2026-01-07,132370
BALI-BALI-007,2026-01-08,127503
BALI-BALI-007,2026-01-09,133159
BALI-BALI-007,2026-01-10,122862
BALI-BALI-007,2026-01-11,113333
BALI-BALI-007,2026-01-12,134205
BALI-BALI-007,2026-01-13,130608
BALI-BALI-007,2026-01-14,129241
BALI-BALI-007,2026-01-15,126664
BALI-BALI-007,2026-01-16,130801
BALI-BALI-007,2026-01-17,121902
BALI-BALI-007,2026-01-18,110644
BALI-BALI-007,2026-01-19,130977
BALI-BALI-007,2026-01-20,131114
BALI-BALI-007,2026-01-21,130058
BALI-BALI-007,2026-01-22,124150
BALI-BALI-007,2026-01-23,135070
BALI-BALI-007,2026-01-24,116656
BALI-BALI-007,2026-01-25,117103
BALI-BALI-007,2026-01-26,130241
BALI-BALI-007,2026-01-27,132104
BALI-BALI-007,2026-01-28,131615
BALI-BALI-007,2026-01-29,124296
BALI-BALI-007,2026-01-30,129697
BALI-BALI-007,2026-01-31,117677
BALI-BALI-008,2025-11-01,114138
BALI-BALI-008,2025-11-02,111451
BALI-BALI-008,2025-11-03,126140
BALI-BALI-008,2025-11-04,131817
BALI-BALI-008,2025-11-05,129425
BALI-BALI-008,2025-11-06,128746
BALI-BALI-008,2025-11-07,126917
BALI-BALI-008,2025-11-08,114785
BALI-BALI-008,2025-11-09,113235
BALI-BALI-008,2025-11-10,128375
BALI-BALI-008,2025-11-11,130695
BALI-BALI-008,2025-11-12,126841
BALI-BALI-008,2025-11-13,126188
BALI-BALI-008,2025-11-14,131817
BALI-BALI-008,2025-11-15,113013
BALI-BALI-008,2025-11-16,113587
BALI-BALI-008,2025-11-17,128595
BALI-BALI-008,2025-11-18,128049
BALI-BALI-008,2025-11-19,129728
BALI-BALI-008,2025-11-20,125860
BALI-BALI-008,2025-11-21,130378
BALI-BALI-008,2025-11-22,113023
BALI-BALI-008,2025-11-23,109656
BALI-BALI-008,2025-11-24,125453
BALI-BALI-008,2025-11-25,126019
BALI-BALI-008,2025-11-26,124015
BALI-BALI-008,2025-11-27,127761
BALI-BALI-008,2025-11-28,128985
BALI-BALI-008,2025-11-29,119042
BALI-BALI-008,2025-11-30,105176
BALI-BALI-008,2025-12-01,139045
BALI-BALI-008,2025-12-02,141967
BALI-BALI-008,2025-12-03,140602
BALI-BALI-008,2025-12-04,138021
BALI-BALI-008,2025-12-05,143247
BALI-BALI-008,2025-12-06,124422
BALI-BALI-008,2025-12-07,117242
BALI-BALI-008,2025-12-08,143664
BALI-BALI-008,2025-12-09,138735
BALI-BALI-008,2025-12-10,134011
BALI-BALI-008,2025-12-11,136175
BALI-BALI-008,2025-12-12,138411
BALI-BALI-008,2025-12-13,127446
BALI-BALI-008,2025-12-14,120714
BALI-BALI-008,2025-12-15,142109
BALI-BALI-008,2025-12-16,135568
BALI-BALI-008,2025-12-17,136749
BALI-BALI-008,2025-12-18,138956
BALI-BALI-008,2025-12-19,143425
BALI-BALI-008,2025-12-20,127050
BALI-BALI-008,2025-12-21,117721
BALI-BALI-008,2025-12-22,136569
BALI-BALI-008,2025-12-23,141006
BALI-BALI-008,2025-12-24,134778
BALI-BALI-008,2025-12-25,138229
BALI-BALI-008,2025-12-26,136908
BALI-BALI-008,2025-12-27,128295
BALI-BALI-008,2025-12-28,122953
BALI-BALI-008,2025-12-29,141041
BALI-BALI-008,2025-12-30,142782
BALI-BALI-008,2025-12-31,135626
BALI-BALI-008,2026-01-01,129835
BALI-BALI-008,2026-01-02,134973
BALI-BALI-008,2026-01-03,119080
BALI-BALI-008,2026-01-04,113717
BALI-BALI-008,2026-01-05,131592
BALI-BALI-008,2026-01-06,125704
BALI-BALI-008,2026-01-07,136332
BALI-BALI-008,2026-01-08,129842
BALI-BALI-008,2026-01-09,133776
BALI-BALI-008,2026-01-10,123472
BALI-BALI-008,2026-01-11,116886
BALI-BALI-008,2026-01-12,133424
BALI-BALI-008,2026-01-13,129614
BALI-BALI-008,2026-01-14,131594
BALI-BALI-008,2026-01-15,126850
BALI-BALI-008,2026-01-16,131382
BALI-BALI-008,2026-01-17,122450
BALI-BALI-008,2026-01-18,113457
BALI-BALI-008,2026-01-19,133638
BALI-BALI-008,2026-01-20,134933
BALI-BALI-008,2026-01-21,130668
BALI-BALI-008,2026-01-22,130992
BALI-BALI-008,2026-01-23,139537
BALI-BALI-008,2026-01-24,119516
BALI-BALI-008,2026-01-25,117391
BALI-BALI-008,2026-01-26,136102
BALI-BALI-008,2026-01-27,139240
BALI-BALI-008,2026-01-28,132431
BALI-BALI-008,2026-01-29,127448
BALI-BALI-008,2026-01-30,134110
BALI-BALI-008,2026-01-31,119115
BAND-BAND-012,2025-11-01,122165
BAND-BAND-012,2025-11-02,120905
BAND-BAND-012,2025-11-03,137940
BAND-BAND-012,2025-11-04,141945
BAND-BAND-012,2025-11-05,142322
BAND-BAND-012,2025-11-06,134855
BAND-BAND-012,2025-11-07,135433
BAND-BAND-012,2025-11-08,122816
BAND-BAND-012,2025-11-09,123259
BAND-BAND-012,2025-11-10,138973
BAND-BAND-012,2025-11-11,137427
BAND-BAND-012,2025-11-12,134186
BAND-BAND-012,2025-11-13,138919
BAND-BAND-012,2025-11-14,139475
BAND-BAND-012,2025-11-15,125219
BAND-BAND-012,2025-11-16,124605
BAND-BAND-012,2025-11-17,136823
BAND-BAND-012,2025-11-18,138906
BAND-BAND-012,2025-11-19,139559
BAND-BAND-012,2025-11-20,135971
BAND-BAND-012,2025-11-21,138847
BAND-BAND-012,2025-11-22,121129
BAND-BAND-012,2025-11-23,118200
BAND-BAND-012,2025-11-24,136606
BAND-BAND-012,2025-11-25,136763
BAND-BAND-012,2025-11-26,132383
BAND-BAND-012,2025-11-27,137063
BAND-BAND-012,2025-11-28,133513
BAND-BAND-012,2025-11-29,124293
BAND-BAND-012,2025-11-30,116865
BAND-BAND-012,2025-12-01,147819
BAND-BAND-012,2025-12-02,149064
BAND-BAND-012,2025-12-03,148365
BAND-BAND-012,2025-12-04,147708
BAND-BAND-012,2025-12-05,149081
BAND-BAND-012,2025-12-06,136125
BAND-BAND-012,2025-12-07,126961
BAND-BAND-012,2025-12-08,148784
BAND-BAND-012,2025-12-09,150507
BAND-BAND-012,2025-12-10,149027
BAND-BAND-012,2025-12-11,141166
BAND-BAND-012,2025-12-12,148082
BAND-BAND-012,2025-12-13,137322
BAND-BAND-012,2025-12-14,132052
BAND-BAND-012,2025-12-15,152148
BAND-BAND-012,2025-12-16,150818
BAND-BAND-012,2025-12-17,151472
BAND-BAND-012,2025-12-18,148989
BAND-BAND-012,2025-12-19,149813
BAND-BAND-012,2025-12-20,137593
BAND-BAND-012,2025-12-21,127944
BAND-BAND-012,2025-12-22,147632
BAND-BAND-012,2025-12-23,148387
BAND-BAND-012,2025-12-24,144171
BAND-BAND-012,2025-12-25,149429
BAND-BAND-012,2025-12-26,147255
BAND-BAND-012,2025-12-27,134622
BAND-BAND-012,2025-12-28,134611
BAND-BAND-012,2025-12-29,149159
BAND-BAND-012,2025-12-30,151526
BAND-BAND-012,2025-12-31,146608
BAND-BAND-012,2026-01-01,138953
BAND-BAND-012,2026-01-02,142432
BAND-BAND-012,2026-01-03,122772
BAND-BAND-012,2026-01-04,125089
BAND-BAND-012,2026-01-05,139703
BAND-BAND-012,2026-01-06,139663
BAND-BAND-012,2026-01-07,141098
BAND-BAND-012,2026-01-08,138217
BAND-BAND-012,2026-01-09,141766
BAND-BAND-012,2026-01-10,134473
BAND-BAND-012,2026-01-11,125286
BAND-BAND-012,2026-01-12,146236
BAND-BAND-012,2026-01-13,140155
BAND-BAND-012,2026-01-14,137658
BAND-BAND-012,2026-01-15,140551
BAND-BAND-012,2026-01-16,146009
BAND-BAND-012,2026-01-17,132705
BAND-BAND-012,2026-01-18,120484
BAND-BAND-012,2026-01-19,148614
BAND-BAND-012,2026-01-20,145672
BAND-BAND-012,2026-01-21,141052
BAND-BAND-012,2026-01-22,137493
BAND-BAND-012,2026-01-23,145828
BAND-BAND-012,2026-01-24,127590
BAND-BAND-012,2026-01-25,126334
BAND-BAND-012,2026-01-26,138986
BAND-BAND-012,2026-01-27,148102
BAND-BAND-012,2026-01-28,144874
BAND-BAND-012,2026-01-29,137530
BAND-BAND-012,2026-01-30,143940
BAND-BAND-012,2026-01-31,128228
BAND-BAND-013,2025-11-01,107539
BAND-BAND-013,2025-11-02,103059
BAND-BAND-013,2025-11-03,115589
BAND-BAND-013,2025-11-04,122725
BAND-BAND-013,2025-11-05,119763
BAND-BAND-013,2025-11-06,113117
BAND-BAND-013,2025-11-07,117799
BAND-BAND-013,2025-11-08,107109
BAND-BAND-013,2025-11-09,103659
BAND-BAND-013,2025-11-10,120723
BAND-BAND-013,2025-11-11,122929
BAND-BAND-013,2025-11-12,118183
BAND-BAND-013,2025-11-13,117033
BAND-BAND-013,2025-11-14,119676
BAND-BAND-013,2025-11-15,107623
BAND-BAND-013,2025-11-16,105930
BAND-BAND-013,2025-11-17,119810
BAND-BAND-013,2025-11-18,118282
BAND-BAND-013,2025-11-19,118752
BAND-BAND-013,2025-11-20,116968
BAND-BAND-013,2025-11-21,119450
BAND-BAND-013,2025-11-22,104027
BAND-BAND-013,2025-11-23,103911
BAND-BAND-013,2025-11-24,116574
BAND-BAND-013,2025-11-25,115216
BAND-BAND-013,2025-11-26,115790
BAND-BAND-013,2025-11-27,120773
BAND-BAND-013,2025-11-28,119018
BAND-BAND-013,2025-11-29,110776
BAND-BAND-013,2025-11-30,100512
BAND-BAND-013,2025-12-01,128001
BAND-BAND-013,2025-12-02,128913
BAND-BAND-013,2025-12-03,129913
BAND-BAND-013,2025-12-04,127463
BAND-BAND-013,2025-12-05,129419
BAND-BAND-013,2025-12-06,113853
BAND-BAND-013,2025-12-07,113213
BAND-BAND-013,2025-12-08,129951
BAND-BAND-013,2025-12-09,128739
BAND-BAND-013,2025-12-10,124158
BAND-BAND-013,2025-12-11,123174
BAND-BAND-013,2025-12-12,123893
BAND-BAND-013,2025-12-13,119942
BAND-BAND-013,2025-12-14,110352
BAND-BAND-013,2025-12-15,130840
BAND-BAND-013,2025-12-16,127862
BAND-BAND-013,2025-12-17,130232
BAND-BAND-013,2025-12-18,125215
BAND-BAND-013,2025-12-19,125817
BAND-BAND-013,2025-12-20,117535
BAND-BAND-013,2025-12-21,109258
BAND-BAND-013,2025-12-22,127908
BAND-BAND-013,2025-12-23,125405
BAND-BAND-013,2025-12-24,122250
BAND-BAND-013,2025-12-25,125684
BAND-BAND-013,2025-12-26,126968
BAND-BAND-013,2025-12-27,114056
BAND-BAND-013,2025-12-28,111273
BAND-BAND-013,2025-12-29,128654
BAND-BAND-013,2025-12-30,127725
BAND-BAND-013,2025-12-31,121094
BAND-BAND-013,2026-01-01,117168
BAND-BAND-013,2026-01-02,124859
BAND-BAND-013,2026-01-03,107848
BAND-BAND-013,2026-01-04,103752
BAND-BAND-013,2026-01-05,121407
BAND-BAND-013,2026-01-06,119850
BAND-BAND-013,2026-01-07,120821
BAND-BAND-013,2026-01-08,118601
BAND-BAND-013,2026-01-09,123099
BAND-BAND-013,2026-01-10,113296
BAND-BAND-013,2026-01-11,104278
BAND-BAND-013,2026-01-12,124901
BAND-BAND-013,2026-01-13,122683
BAND-BAND-013,2026-01-14,120107
BAND-BAND-013,2026-01-15,120304
BAND-BAND-013,2026-01-16,123733
BAND-BAND-013,2026-01-17,112777
BAND-BAND-013,2026-01-18,104127
BAND-BAND-013,2026-01-19,122056
BAND-BAND-013,2026-01-20,122589
BAND-BAND-013,2026-01-21,121543
BAND-BAND-013,2026-01-22,115556
BAND-BAND-013,2026-01-23,123356
BAND-BAND-013,2026-01-24,109485
BAND-BAND-013,2026-01-25,107356
BAND-BAND-013,2026-01-26,122760
BAND-BAND-013,2026-01-27,127274
BAND-BAND-013,2026-01-28,118952
BAND-BAND-013,2026-01-29,117173
BAND-BAND-013,2026-01-30,121640
BAND-BAND-013,2026-01-31,109090
BEKA-BODE-003,2025-11-01,120216
BEKA-BODE-003,2025-11-02,116820
BEKA-BODE-003,2025-11-03,133014
BEKA-BODE-003,2025-11-04,133810
BEKA-BODE-003,2025-11-05,133906
BEKA-BODE-003,2025-11-06,132565
BEKA-BODE-003,2025-11-07,132572
BEKA-BODE-003,2025-11-08,118130
BEKA-BODE-003,2025-11-09,117077
BEKA-BODE-003,2025-11-10,136537
BEKA-BODE-003,2025-11-11,133433
BEKA-BODE-003,2025-11-12,128949
BEKA-BODE-003,2025-11-13,127407
BEKA-BODE-003,2025-11-14,133056
BEKA-BODE-003,2025-11-15,119705
BEKA-BODE-003,2025-11-16,118123
BEKA-BODE-003,2025-11-17,133848
BEKA-BODE-003,2025-11-18,133999
BEKA-BODE-003,2025-11-19,131584
BEKA-BODE-003,2025-11-20,129039
BEKA-BODE-003,2025-11-21,133811
BEKA-BODE-003,2025-11-22,116470
BEKA-BODE-003,2025-11-23,116612
BEKA-BODE-003,2025-11-24,132046
BEKA-BODE-003,2025-11-25,130379
BEKA-BODE-003,2025-11-26,130282
BEKA-BODE-003,2025-11-27,135822
BEKA-BODE-003,2025-11-28,129062
BEKA-BODE-003,2025-11-29,124302
BEKA-BODE-003,2025-11-30,117050
BEKA-BODE-003,2025-12-01,139940
BEKA-BODE-003,2025-12-02,147636
BEKA-BODE-003,2025-12-03,146191
BEKA-BODE-003,2025-12-04,144308
BEKA-BODE-003,2025-12-05,151242
BEKA-BODE-003,2025-12-06,128399
BEKA-BODE-003,2025-12-07,125845
BEKA-BODE-003,2025-12-08,145102
BEKA-BODE-003,2025-12-09,145913
BEKA-BODE-003,2025-12-10,138950
BEKA-BODE-003,2025-12-11,136681
BEKA-BODE-003,2025-12-12,141162
BEKA-BODE-003,2025-12-13,132032
BEKA-BODE-003,2025-12-14,126793
BEKA-BODE-003,2025-12-15,147328
BEKA-BODE-003,2025-12-16,140619
BEKA-BODE-003,2025-12-17,142393
BEKA-BODE-003,2025-12-18,141428
BEKA-BODE-003,2025-12-19,143097
BEKA-BODE-003,2025-12-20,132112
BEKA-BODE-003,2025-12-21,122331
BEKA-BODE-003,2025-12-22,144528
BEKA-BODE-003,2025-12-23,143024
BEKA-BODE-003,2025-12-24,138792
BEKA-BODE-003,2025-12-25,145051
BEKA-BODE-003,2025-12-26,147167
BEKA-BODE-003,2025-12-27,135028
BEKA-BODE-003,2025-12-28,128201
BEKA-BODE-003,2025-12-29,143814
BEKA-BODE-003,2025-12-30,148899
BEKA-BODE-003,2025-12-31,140630
BEKA-BODE-003,2026-01-01,132551
BEKA-BODE-003,2026-01-02,139566
BEKA-BODE-003,2026-01-03,120051
BEKA-BODE-003,2026-01-04,116010
BEKA-BODE-003,2026-01-05,136078
BEKA-BODE-003,2026-01-06,137843
BEKA-BODE-003,2026-01-07,139831
BEKA-BODE-003,2026-01-08,131105
BEKA-BODE-003,2026-01-09,139502
BEKA-BODE-003,2026-01-10,127984
BEKA-BODE-003,2026-01-11,119853
BEKA-BODE-003,2026-01-12,142491
BEKA-BODE-003,2026-01-13,137032
BEKA-BODE-003,2026-01-14,135644
BEKA-BODE-003,2026-01-15,136510
BEKA-BODE-003,2026-01-16,139992
BEKA-BODE-003,2026-01-17,127144
BEKA-BODE-003,2026-01-18,117976
BEKA-BODE-003,2026-01-19,142908
BEKA-BODE-003,2026-01-20,138505
BEKA-BODE-003,2026-01-21,139491
BEKA-BODE-003,2026-01-22,131606
BEKA-BODE-003,2026-01-23,136849
BEKA-BODE-003,2026-01-24,123940
BEKA-BODE-003,2026-01-25,122800
BEKA-BODE-003,2026-01-26,136981
BEKA-BODE-003,2026-01-27,140602
BEKA-BODE-003,2026-01-28,135918
BEKA-BODE-003,2026-01-29,130580
BEKA-BODE-003,2026-01-30,139402
BEKA-BODE-003,2026-01-31,125906
DEPO-JABO-026,2025-11-01,79114
DEPO-JABO-026,2025-11-02,76136
DEPO-JABO-026,2025-11-03,84910
DEPO-JABO-026,2025-11-04,87949
DEPO-JABO-026,2025-11-05,88502
DEPO-JABO-026,2025-11-06,85079
DEPO-JABO-026,2025-11-07,87251
DEPO-JABO-026,2025-11-08,78492
DEPO-JABO-026,2025-11-09,80122
DEPO-JABO-026,2025-11-10,90197
DEPO-JABO-026,2025-11-11,89907
DEPO-JABO-026,2025-11-12,86383
DEPO-JABO-026,2025-11-13,83485
DEPO-JABO-026,2025-11-14,88711
DEPO-JABO-026,2025-11-15,76949
DEPO-JABO-026,2025-11-16,77581
DEPO-JABO-026,2025-11-17,87908
DEPO-JABO-026,2025-11-18,89293
DEPO-JABO-026,2025-11-19,88251
DEPO-JABO-026,2025-11-20,85867
DEPO-JABO-026,2025-11-21,88064
DEPO-JABO-026,2025-11-22,75250
DEPO-JABO-026,2025-11-23,75587
DEPO-JABO-026,2025-11-24,88522
DEPO-JABO-026,2025-11-25,86127
DEPO-JABO-026,2025-11-26,85115
DEPO-JABO-026,2025-11-27,85764
DEPO-JABO-026,2025-11-28,86776
DEPO-JABO-026,2025-11-29,80141
DEPO-JABO-026,2025-11-30,74783
DEPO-JABO-026,2025-12-01,91533
DEPO-JABO-026,2025-12-02,92951
DEPO-JABO-026,2025-12-03,94088
DEPO-JABO-026,2025-12-04,92714
DEPO-JABO-026,2025-12-05,98480
DEPO-JABO-026,2025-12-06,84797
DEPO-JABO-026,2025-12-07,82166
DEPO-JABO-026,2025-12-08,94114
DEPO-JABO-026,2025-12-09,93957
DEPO-JABO-026,2025-12-10,90802
DEPO-JABO-026,2025-12-11,90247
DEPO-JABO-026,2025-12-12,93083
DEPO-JABO-026,2025-12-13,86457
DEPO-JABO-026,2025-12-14,81112
DEPO-JABO-026,2025-12-15,92045
DEPO-JABO-026,2025-12-16,94319
DEPO-JABO-026,2025-12-17,93444
DEPO-JABO-026,2025-12-18,95282
DEPO-JABO-026,2025-12-19,94667
DEPO-JABO-026,2025-12-20,87428
DEPO-JABO-026,2025-12-21,78664
DEPO-JABO-026,2025-12-22,93568
DEPO-JABO-026,2025-12-23,94403
DEPO-JABO-026,2025-12-24,89918
DEPO-JABO-026,2025-12-25,94402
DEPO-JABO-026,2025-12-26,96627
DEPO-JABO-026,2025-12-27,84159
DEPO-JABO-026,2025-12-28,83555
DEPO-JABO-026,2025-12-29,96122
DEPO-JABO-026,2025-12-30,98258
DEPO-JABO-026,2025-12-31,93125
DEPO-JABO-026,2026-01-01,90146
DEPO-JABO-026,2026-01-02,92039
DEPO-JABO-026,2026-01-03,78522
DEPO-JABO-026,2026-01-04,77263
DEPO-JABO-026,2026-01-05,88033
DEPO-JABO-026,2026-01-06,88173
DEPO-JABO-026,2026-01-07,91140
DEPO-JABO-026,2026-01-08,89367
DEPO-JABO-026,2026-01-09,90458
DEPO-JABO-026,2026-01-10,86185
DEPO-JABO-026,2026-01-11,78989
DEPO-JABO-026,2026-01-12,93017
DEPO-JABO-026,2026-01-13,89404
DEPO-JABO-026,2026-01-14,87322
DEPO-JABO-026,2026-01-15,88606
DEPO-JABO-026,2026-01-16,92286
DEPO-JABO-026,2026-01-17,84189
DEPO-JABO-026,2026-01-18,77047
DEPO-JABO-026,2026-01-19,92103
DEPO-JABO-026,2026-01-20,89655
DEPO-JABO-026,2026-01-21,87948
DEPO-JABO-026,2026-01-22,85731
DEPO-JABO-026,2026-01-23,92218
DEPO-JABO-026,2026-01-24,81464
DEPO-JABO-026,2026-01-25,79368
DEPO-JABO-026,2026-01-26,89990
DEPO-JABO-026,2026-01-27,94763
DEPO-JABO-026,2026-01-28,89094
DEPO-JABO-026,2026-01-29,88362
DEPO-JABO-026,2026-01-30,91360
DEPO-JABO-026,2026-01-31,81483
DEPO-JABO-027,2025-11-01,93793
DEPO-JABO-027,2025-11-02,90616
DEPO-JABO-027,2025-11-03,103111
DEPO-JABO-027,2025-11-04,107867
DEPO-JABO-027,2025-11-05,107743
DEPO-JABO-027,2025-11-06,101470
DEPO-JABO-027,2025-11-07,105058
DEPO-JABO-027,2025-11-08,94949
DEPO-JABO-027,2025-11-09,92722
DEPO-JABO-027,2025-11-10,107626
DEPO-JABO-027,2025-11-11,106977
DEPO-JABO-027,2025-11-12,105696
DEPO-JABO-027,2025-11-13,106617
DEPO-JABO-027,2025-11-14,107970
DEPO-JABO-027,2025-11-15,97735
DEPO-JABO-027,2025-11-16,93689
DEPO-JABO-027,2025-11-17,106335
DEPO-JABO-027,2025-11-18,109414
DEPO-JABO-027,2025-11-19,106137
DEPO-JABO-027,2025-11-20,103693
DEPO-JABO-027,2025-11-21,108390
DEPO-JABO-027,2025-11-22,95062
DEPO-JABO-027,2025-11-23,91027
DEPO-JABO-027,2025-11-24,102200
DEPO-JABO-027,2025-11-25,105680
DEPO-JABO-027,2025-11-26,103211
DEPO-JABO-027,2025-11-27,105568
DEPO-JABO-027,2025-11-28,106646
DEPO-JABO-027,2025-11-29,99414
DEPO-JABO-027,2025-11-30,89995
DEPO-JABO-027,2025-12-01,111640
DEPO-JABO-027,2025-12-02,113001
DEPO-JABO-027,2025-12-03,114222
DEPO-JABO-027,2025-12-04,115277
DEPO-JABO-027,2025-12-05,117527
DEPO-JABO-027,2025-12-06,104344
DEPO-JABO-027,2025-12-07,99107
DEPO-JABO-027,2025-12-08,116235
DEPO-JABO-027,2025-12-09,113797
DEPO-JABO-027,2025-12-10,111629
DEPO-JABO-027,2025-12-11,107916
DEPO-JABO-027,2025-12-12,113564
DEPO-JABO-027,2025-12-13,103748
DEPO-JABO-027,2025-12-14,99522
DEPO-JABO-027,2025-12-15,120319
DEPO-JABO-027,2025-12-16,111651
DEPO-JABO-027,2025-12-17,114592
DEPO-JABO-027,2025-12-18,115100
DEPO-JABO-027,2025-12-19,115495
DEPO-JABO-027,2025-12-20,103388
DEPO-JABO-027,2025-12-21,97422
DEPO-JABO-027,2025-12-22,113041
DEPO-JABO-027,2025-12-23,112018
DEPO-JABO-027,2025-12-24,109729
DEPO-JABO-027,2025-12-25,115012
DEPO-JABO-027,2025-12-26,114948
DEPO-JABO-027,2025-12-27,103172
DEPO-JABO-027,2025-12-28,100215
DEPO-JABO-027,2025-12-29,116351
DEPO-JABO-027,2025-12-30,115111
DEPO-JABO-027,2025-12-31,112767
DEPO-JABO-027,2026-01-01,105007
DEPO-JABO-027,2026-01-02,112216
DEPO-JABO-027,2026-01-03,95443
DEPO-JABO-027,2026-01-04,92978
DEPO-JABO-027,2026-01-05,109178
DEPO-JABO-027,2026-01-06,108348
DEPO-JABO-027,2026-01-07,112202
DEPO-JABO-027,2026-01-08,107114
DEPO-JABO-027,2026-01-09,108357
DEPO-JABO-027,2026-01-10,101327
DEPO-JABO-027,2026-01-11,96115
DEPO-JABO-027,2026-01-12,110518
DEPO-JABO-027,2026-01-13,109752
DEPO-JABO-027,2026-01-14,111298
DEPO-JABO-027,2026-01-15,104942
DEPO-JABO-027,2026-01-16,112537
DEPO-JABO-027,2026-01-17,101192
DEPO-JABO-027,2026-01-18,95600
DEPO-JABO-027,2026-01-19,112909
DEPO-JABO-027,2026-01-20,111679
DEPO-JABO-027,2026-01-21,107816
DEPO-JABO-027,2026-01-22,107117
DEPO-JABO-027,2026-01-23,111852
DEPO-JABO-027,2026-01-24,97483
DEPO-JABO-027,2026-01-25,98269
DEPO-JABO-027,2026-01-26,110886
DEPO-JABO-027,2026-01-27,112792
DEPO-JABO-027,2026-01-28,107461
DEPO-JABO-027,2026-01-29,104954
DEPO-JABO-027,2026-01-30,109903
DEPO-JABO-027,2026-01-31,102140
JAKA-JABO-017,2025-11-01,103699
JAKA-JABO-017,2025-11-02,99286
JAKA-JABO-017,2025-11-03,108264
JAKA-JABO-017,2025-11-04,114915
JAKA-JABO-017,2025-11-05,115703
JAKA-JABO-017,2025-11-06,108637
JAKA-JABO-017,2025-11-07,109925
JAKA-JABO-017,2025-11-08,101917
JAKA-JABO-017,2025-11-09,97406
JAKA-JABO-017,2025-11-10,112589
JAKA-JABO-017,2025-11-11,112561
JAKA-JABO-017,2025-11-12,109431
JAKA-JABO-017,2025-11-13,110325
JAKA-JABO-017,2025-11-14,115471
JAKA-JABO-017,2025-11-15,102583
JAKA-JABO-017,2025-11-16,101153
JAKA-JABO-017,2025-11-17,114217
JAKA-JABO-017,2025-11-18,114899
JAKA-JABO-017,2025-11-19,113256
JAKA-JABO-017,2025-11-20,109798
JAKA-JABO-017,2025-11-21,113817
JAKA-JABO-017,2025-11-22,96911
JAKA-JABO-017,2025-11-23,98242
JAKA-JABO-017,2025-11-24,109725
JAKA-JABO-017,2025-11-25,109229
JAKA-JABO-017,2025-11-26,111913
JAKA-JABO-017,2025-11-27,114358
JAKA-JABO-017,2025-11-28,110927
JAKA-JABO-017,2025-11-29,100376
JAKA-JABO-017,2025-11-30,95349
JAKA-JABO-017,2025-12-01,120109
JAKA-JABO-017,2025-12-02,123325
JAKA-JABO-017,2025-12-03,122786
JAKA-JABO-017,2025-12-04,122484
JAKA-JABO-017,2025-12-05,125547
JAKA-JABO-017,2025-12-06,109986
JAKA-JABO-017,2025-12-07,106898
JAKA-JABO-017,2025-12-08,125619
JAKA-JABO-017,2025-12-09,117090
JAKA-JABO-017,2025-12-10,119616
JAKA-JABO-017,2025-12-11,116363
JAKA-JABO-017,2025-12-12,119550
JAKA-JABO-017,2025-12-13,111510
JAKA-JABO-017,2025-12-14,106811
JAKA-JABO-017,2025-12-15,121973
JAKA-JABO-017,2025-12-16,120104
JAKA-JABO-017,2025-12-17,121637
JAKA-JABO-017,2025-12-18,120961
JAKA-JABO-017,2025-12-19,120666
JAKA-JABO-017,2025-12-20,111649
JAKA-JABO-017,2025-12-21,103706
JAKA-JABO-017,2025-12-22,117018
JAKA-JABO-017,2025-12-23,121160
JAKA-JABO-017,2025-12-24,115982
JAKA-JABO-017,2025-12-25,118968
JAKA-JABO-017,2025-12-26,120560
JAKA-JABO-017,2025-12-27,111501
JAKA-JABO-017,2025-12-28,108230
JAKA-JABO-017,2025-12-29,122503
JAKA-JABO-017,2025-12-30,120900
JAKA-JABO-017,2025-12-31,117049
JAKA-JABO-017,2026-01-01,113870
JAKA-JABO-017,2026-01-02,119139
JAKA-JABO-017,2026-01-03,101832
JAKA-JABO-017,2026-01-04,98913
JAKA-JABO-017,2026-01-05,115569
JAKA-JABO-017,2026-01-06,113757
JAKA-JABO-017,2026-01-07,116774
JAKA-JABO-017,2026-01-08,114079
JAKA-JABO-017,2026-01-09,117317
JAKA-JABO-017,2026-01-10,107952
JAKA-JABO-017,2026-01-11,101991
JAKA-JABO-017,2026-01-12,116509
JAKA-JABO-017,2026-01-13,115167
JAKA-JABO-017,2026-01-14,114571
JAKA-JABO-017,2026-01-15,111720
JAKA-JABO-017,2026-01-16,118183
JAKA-JABO-017,2026-01-17,106367
JAKA-JABO-017,2026-01-18,97721
JAKA-JABO-017,2026-01-19,115932
JAKA-JABO-017,2026-01-20,118196
JAKA-JABO-017,2026-01-21,114296
JAKA-JABO-017,2026-01-22,109779
JAKA-JABO-017,2026-01-23,115279
JAKA-JABO-017,2026-01-24,101697
JAKA-JABO-017,2026-01-25,104017
JAKA-JABO-017,2026-01-26,115339
JAKA-JABO-017,2026-01-27,118806
JAKA-JABO-017,2026-01-28,116710
JAKA-JABO-017,2026-01-29,111841
JAKA-JABO-017,2026-01-30,119964
JAKA-JABO-017,2026-01-31,107494
JAKA-JABO-018,2025-11-01,68553
JAKA-JABO-018,2025-11-02,67857
JAKA-JABO-018,2025-11-03,77609
JAKA-JABO-018,2025-11-04,78032
JAKA-JABO-018,2025-11-05,81941
JAKA-JABO-018,2025-11-06,76818
JAKA-JABO-018,2025-11-07,77589
JAKA-JABO-018,2025-11-08,68710
JAKA-JABO-018,2025-11-09,69018
JAKA-JABO-018,2025-11-10,79218
JAKA-JABO-018,2025-11-11,79814
JAKA-JABO-018,2025-11-12,76410
JAKA-JABO-018,2025-11-13,74866
JAKA-JABO-018,2025-11-14,79879
JAKA-JABO-018,2025-11-15,70060
JAKA-JABO-018,2025-11-16,69563
JAKA-JABO-018,2025-11-17,79532
JAKA-JABO-018,2025-11-18,77890
JAKA-JABO-018,2025-11-19,76530
JAKA-JABO-018,2025-11-20,77828
JAKA-JABO-018,2025-11-21,81238
JAKA-JABO-018,2025-11-22,67537
JAKA-JABO-018,2025-11-23,68640
JAKA-JABO-018,2025-11-24,74447
JAKA-JABO-018,2025-11-25,77743
JAKA-JABO-018,2025-11-26,77830
JAKA-JABO-018,2025-11-27,80205
JAKA-JABO-018,2025-11-28,74949
JAKA-JABO-018,2025-11-29,73850
JAKA-JABO-018,2025-11-30,66987
JAKA-JABO-018,2025-12-01,83887
JAKA-JABO-018,2025-12-02,83852
JAKA-JABO-018,2025-12-03,84668
JAKA-JABO-018,2025-12-04,84733
JAKA-JABO-018,2025-12-05,87197
JAKA-JABO-018,2025-12-06,74491
JAKA-JABO-018,2025-12-07,72350
JAKA-JABO-018,2025-12-08,87700
JAKA-JABO-018,2025-12-09,85722
JAKA-JABO-018,2025-12-10,78381
JAKA-JABO-018,2025-12-11,81740
JAKA-JABO-018,2025-12-12,83487
JAKA-JABO-018,2025-12-13,77678
JAKA-JABO-018,2025-12-14,74791
JAKA-JABO-018,2025-12-15,82763
JAKA-JABO-018,2025-12-16,85332
JAKA-JABO-018,2025-12-17,84104
JAKA-JABO-018,2025-12-18,85901
JAKA-JABO-018,2025-12-19,83700
JAKA-JABO-018,2025-12-20,77464
JAKA-JABO-018,2025-12-21,73559
JAKA-JABO-018,2025-12-22,84358
JAKA-JABO-018,2025-12-23,84889
JAKA-JABO-018,2025-12-24,80934
JAKA-JABO-018,2025-12-25,83626
JAKA-JABO-018,2025-12-26,85815
JAKA-JABO-018,2025-12-27,75212
JAKA-JABO-018,2025-12-28,72727
JAKA-JABO-018,2025-12-29,84995
JAKA-JABO-018,2025-12-30,84359
JAKA-JABO-018,2025-12-31,82231
JAKA-JABO-018,2026-01-01,78459
JAKA-JABO-018,2026-01-02,83564
JAKA-JABO-018,2026-01-03,70029
JAKA-JABO-018,2026-01-04,70215
JAKA-JABO-018,2026-01-05,79043
JAKA-JABO-018,2026-01-06,79584
JAKA-JABO-018,2026-01-07,80351
JAKA-JABO-018,2026-01-08,78162
JAKA-JABO-018,2026-01-09,82264
JAKA-JABO-018,2026-01-10,75283
JAKA-JABO-018,2026-01-11,70126
JAKA-JABO-018,2026-01-12,85013
JAKA-JABO-018,2026-01-13,79491
JAKA-JABO-018,2026-01-14,79743
JAKA-JABO-018,2026-01-15,78911
JAKA-JABO-018,2026-01-16,82521
JAKA-JABO-018,2026-01-17,73449
JAKA-JABO-018,2026-01-18,68600
JAKA-JABO-018,2026-01-19,80627
JAKA-JABO-018,2026-01-20,80628
JAKA-JABO-018,2026-01-21,80716
JAKA-JABO-018,2026-01-22,77066
JAKA-JABO-018,2026-01-23,86204
JAKA-JABO-018,2026-01-24,72083
JAKA-JABO-018,2026-01-25,69764
JAKA-JABO-018,2026-01-26,80846
JAKA-JABO-018,2026-01-27,82647
JAKA-JABO-018,2026-01-28,78707
JAKA-JABO-018,2026-01-29,79893
JAKA-JABO-018,2026-01-30,81322
JAKA-JABO-018,2026-01-31,74938
JAKA-JABO-019,2025-11-01,118417
JAKA-JABO-019,2025-11-02,114488
JAKA-JABO-019,2025-11-03,128127
JAKA-JABO-019,2025-11-04,129503
JAKA-JABO-019,2025-11-05,132027
JAKA-JABO-019,2025-11-06,124182
JAKA-JABO-019,2025-11-07,125994
JAKA-JABO-019,2025-11-08,115946
JAKA-JABO-019,2025-11-09,116201
JAKA-JABO-019,2025-11-10,132752
JAKA-JABO-019,2025-11-11,131045
JAKA-JABO-019,2025-11-12,127904
JAKA-JABO-019,2025-11-13,128628
JAKA-JABO-019,2025-11-14,131018
JAKA-JABO-019,2025-11-15,122455
JAKA-JABO-019,2025-11-16,117719
JAKA-JABO-019,2025-11-17,135227
JAKA-JABO-019,2025-11-18,131948
JAKA-JABO-019,2025-11-19,131302
JAKA-JABO-019,2025-11-20,124929
JAKA-JABO-019,2025-11-21,135175
JAKA-JABO-019,2025-11-22,114399
JAKA-JABO-019,2025-11-23,112844
JAKA-JABO-019,2025-11-24,129947
JAKA-JABO-019,2025-11-25,129180
JAKA-JABO-019,2025-11-26,129826
JAKA-JABO-019,2025-11-27,131876
JAKA-JABO-019,2025-11-28,130008
JAKA-JABO-019,2025-11-29,120056
JAKA-JABO-019,2025-11-30,109026
JAKA-JABO-019,2025-12-01,141031
JAKA-JABO-019,2025-12-02,141257
JAKA-JABO-019,2025-12-03,139121
JAKA-JABO-019,2025-12-04,141217
JAKA-JABO-019,2025-12-05,145405
JAKA-JABO-019,2025-12-06,128526
JAKA-JABO-019,2025-12-07,119976
JAKA-JABO-019,2025-12-08,143922
JAKA-JABO-019,2025-12-09,144706
JAKA-JABO-019,2025-12-10,138139
JAKA-JABO-019,2025-12-11,137410
JAKA-JABO-019,2025-12-12,142185
JAKA-JABO-019,2025-12-13,131120
JAKA-JABO-019,2025-12-14,123779
JAKA-JABO-019,2025-12-15,145705
JAKA-JABO-019,2025-12-16,140664
JAKA-JABO-019,2025-12-17,139279
JAKA-JABO-019,2025-12-18,139154
JAKA-JABO-019,2025-12-19,143911
JAKA-JABO-019,2025-12-20,127940
JAKA-JABO-019,2025-12-21,121788
JAKA-JABO-019,2025-12-22,140373
JAKA-JABO-019,2025-12-23,137159
JAKA-JABO-019,2025-12-24,134432
JAKA-JABO-019,2025-12-25,140600
JAKA-JABO-019,2025-12-26,140411
JAKA-JABO-019,2025-12-27,125999
JAKA-JABO-019,2025-12-28,122377
JAKA-JABO-019,2025-12-29,142917
JAKA-JABO-019,2025-12-30,145022
JAKA-JABO-019,2025-12-31,141035
JAKA-JABO-019,2026-01-01,133651
JAKA-JABO-019,2026-01-02,137972
JAKA-JABO-019,2026-01-03,117992
JAKA-JABO-019,2026-01-04,115652
JAKA-JABO-019,2026-01-05,133860
JAKA-JABO-019,2026-01-06,132717
JAKA-JABO-019,2026-01-07,133655
JAKA-JABO-019,2026-01-08,128794
JAKA-JABO-019,2026-01-09,131762
JAKA-JABO-019,2026-01-10,127582
JAKA-JABO-019,2026-01-11,117015
JAKA-JABO-019,2026-01-12,135170
JAKA-JABO-019,2026-01-13,134363
JAKA-JABO-019,2026-01-14,132914
JAKA-JABO-019,2026-01-15,127989
JAKA-JABO-019,2026-01-16,133964
JAKA-JABO-019,2026-01-17,127514
JAKA-JABO-019,2026-01-18,115251
JAKA-JABO-019,2026-01-19,140204
JAKA-JABO-019,2026-01-20,137360
JAKA-JABO-019,2026-01-21,133673
JAKA-JABO-019,2026-01-22,131329
JAKA-JABO-019,2026-01-23,134166
JAKA-JABO-019,2026-01-24,120160
JAKA-JABO-019,2026-01-25,118559
JAKA-JABO-019,2026-01-26,131679
JAKA-JABO-019,2026-01-27,143659
JAKA-JABO-019,2026-01-28,133886
JAKA-JABO-019,2026-01-29,129898
JAKA-JABO-019,2026-01-30,136378
JAKA-JABO-019,2026-01-31,123162
JAKA-JABO-020,2025-11-01,105430
JAKA-JABO-020,2025-11-02,101491
JAKA-JABO-020,2025-11-03,115919
JAKA-JABO-020,2025-11-04,118675
JAKA-JABO-020,2025-11-05,115901
JAKA-JABO-020,2025-11-06,114368
JAKA-JABO-020,2025-11-07,114642
JAKA-JABO-020,2025-11-08,102506
JAKA-JABO-020,2025-11-09,105298
JAKA-JABO-020,2025-11-10,115702
JAKA-JABO-020,2025-11-11,118902
JAKA-JABO-020,2025-11-12,113366
JAKA-JABO-020,2025-11-13,115992
JAKA-JABO-020,2025-11-14,118349
JAKA-JABO-020,2025-11-15,106368
JAKA-JABO-020,2025-11-16,103066
JAKA-JABO-020,2025-11-17,117532
JAKA-JABO-020,2025-11-18,120665
JAKA-JABO-020,2025-11-19,115077
JAKA-JABO-020,2025-11-20,116369
JAKA-JABO-020,2025-11-21,120947
JAKA-JABO-020,2025-11-22,102581
JAKA-JABO-020,2025-11-23,102440
JAKA-JABO-020,2025-11-24,115541
JAKA-JABO-020,2025-11-25,118138
JAKA-JABO-020,2025-11-26,116504
JAKA-JABO-020,2025-11-27,117367
JAKA-JABO-020,2025-11-28,115323
JAKA-JABO-020,2025-11-29,106868
JAKA-JABO-020,2025-11-30,99811
JAKA-JABO-020,2025-12-01,126999
JAKA-JABO-020,2025-12-02,126948
JAKA-JABO-020,2025-12-03,129897
JAKA-JABO-020,2025-12-04,126914
JAKA-JABO-020,2025-12-05,132210
JAKA-JABO-020,2025-12-06,115812
JAKA-JABO-020,2025-12-07,107632
JAKA-JABO-020,2025-12-08,128832
JAKA-JABO-020,2025-12-09,130311
JAKA-JABO-020,2025-12-10,125093
JAKA-JABO-020,2025-12-11,120500
JAKA-JABO-020,2025-12-12,122458
JAKA-JABO-020,2025-12-13,115946
JAKA-JABO-020,2025-12-14,109320
JAKA-JABO-020,2025-12-15,128821
JAKA-JABO-020,2025-12-16,123765
JAKA-JABO-020,2025-12-17,125304
JAKA-JABO-020,2025-12-18,123862
JAKA-JABO-020,2025-12-19,126180
JAKA-JABO-020,2025-12-20,113658
JAKA-JABO-020,2025-12-21,109177
JAKA-JABO-020,2025-12-22,127203
JAKA-JABO-020,2025-12-23,125265
JAKA-JABO-020,2025-12-24,124585
JAKA-JABO-020,2025-12-25,126867
JAKA-JABO-020,2025-12-26,128006
JAKA-JABO-020,2025-12-27,115031
JAKA-JABO-020,2025-12-28,115044
JAKA-JABO-020,2025-12-29,128585
JAKA-JABO-020,2025-12-30,130516
JAKA-JABO-020,2025-12-31,124981
JAKA-JABO-020,2026-01-01,118479
JAKA-JABO-020,2026-01-02,123635
JAKA-JABO-020,2026-01-03,108521
JAKA-JABO-020,2026-01-04,101319
JAKA-JABO-020,2026-01-05,116959
JAKA-JABO-020,2026-01-06,120725
JAKA-JABO-020,2026-01-07,122729
JAKA-JABO-020,2026-01-08,117612
JAKA-JABO-020,2026-01-09,120590
JAKA-JABO-020,2026-01-10,114027
JAKA-JABO-020,2026-01-11,105948
JAKA-JABO-020,2026-01-12,123901
JAKA-JABO-020,2026-01-13,119207
JAKA-JABO-020,2026-01-14,120480
JAKA-JABO-020,2026-01-15,117051
JAKA-JABO-020,2026-01-16,123280
JAKA-JABO-020,2026-01-17,112369
JAKA-JABO-020,2026-01-18,105196
JAKA-JABO-020,2026-01-19,121761
JAKA-JABO-020,2026-01-20,122714
JAKA-JABO-020,2026-01-21,118978
JAKA-JABO-020,2026-01-22,117912
JAKA-JABO-020,2026-01-23,122712
JAKA-JABO-020,2026-01-24,111039
JAKA-JABO-020,2026-01-25,106996
JAKA-JABO-020,2026-01-26,123812
JAKA-JABO-020,2026-01-27,123598
JAKA-JABO-020,2026-01-28,121643
JAKA-JABO-020,2026-01-29,115431
JAKA-JABO-020,2026-01-30,122743
JAKA-JABO-020,2026-01-31,109934
JAKA-JABO-021,2025-11-01,112154
JAKA-JABO-021,2025-11-02,109502
JAKA-JABO-021,2025-11-03,124525
JAKA-JABO-021,2025-11-04,128142
JAKA-JABO-021,2025-11-05,124732
JAKA-JABO-021,2025-11-06,125008
JAKA-JABO-021,2025-11-07,124909
JAKA-JABO-021,2025-11-08,112436
JAKA-JABO-021,2025-11-09,114436
JAKA-JABO-021,2025-11-10,127283
JAKA-JABO-021,2025-11-11,129539
JAKA-JABO-021,2025-11-12,122767
JAKA-JABO-021,2025-11-13,126304
JAKA-JABO-021,2025-11-14,125852
JAKA-JABO-021,2025-11-15,111376
JAKA-JABO-021,2025-11-16,111848
JAKA-JABO-021,2025-11-17,126621
JAKA-JABO-021,2025-11-18,126488
JAKA-JABO-021,2025-11-19,122457
JAKA-JABO-021,2025-11-20,125272
JAKA-JABO-021,2025-11-21,128799
JAKA-JABO-021,2025-11-22,108165
JAKA-JABO-021,2025-11-23,111492
JAKA-JABO-021,2025-11-24,124657
JAKA-JABO-021,2025-11-25,126098
JAKA-JABO-021,2025-11-26,124247
JAKA-JABO-021,2025-11-27,124937
JAKA-JABO-021,2025-11-28,126057
JAKA-JABO-021,2025-11-29,116876
JAKA-JABO-021,2025-11-30,108095
JAKA-JABO-021,2025-12-01,135886
JAKA-JABO-021,2025-12-02,139503
JAKA-JABO-021,2025-12-03,137646
JAKA-JABO-021,2025-12-04,134763
JAKA-JABO-021,2025-12-05,136233
JAKA-JABO-021,2025-12-06,119687
JAKA-JABO-021,2025-12-07,118098
JAKA-JABO-021,2025-12-08,141172
JAKA-JABO-021,2025-12-09,135803
JAKA-JABO-021,2025-12-10,136213
JAKA-JABO-021,2025-12-11,129907
JAKA-JABO-021,2025-12-12,132029
JAKA-JABO-021,2025-12-13,126736
JAKA-JABO-021,2025-12-14,121867
JAKA-JABO-021,2025-12-15,140190
JAKA-JABO-021,2025-12-16,135291
JAKA-JABO-021,2025-12-17,136715
JAKA-JABO-021,2025-12-18,136984
JAKA-JABO-021,2025-12-19,137513
JAKA-JABO-021,2025-12-20,125454
JAKA-JABO-021,2025-12-21,116021
JAKA-JABO-021,2025-12-22,132578
JAKA-JABO-021,2025-12-23,130249
JAKA-JABO-021,2025-12-24,131164
JAKA-JABO-021,2025-12-25,133898
JAKA-JABO-021,2025-12-26,133393
JAKA-JABO-021,2025-12-27,123960
JAKA-JABO-021,2025-12-28,120573
JAKA-JABO-021,2025-12-29,135778
JAKA-JABO-021,2025-12-30,136675
JAKA-JABO-021,2025-12-31,132155
JAKA-JABO-021,2026-01-01,127918
JAKA-JABO-021,2026-01-02,133713
JAKA-JABO-021,2026-01-03,114164
JAKA-JABO-021,2026-01-04,110310
JAKA-JABO-021,2026-01-05,124250
JAKA-JABO-021,2026-01-06,126718
JAKA-JABO-021,2026-01-07,132605
JAKA-JABO-021,2026-01-08,127466
JAKA-JABO-021,2026-01-09,130275
JAKA-JABO-021,2026-01-10,119305
JAKA-JABO-021,2026-01-11,114872
JAKA-JABO-021,2026-01-12,131128
JAKA-JABO-021,2026-01-13,128897
JAKA-JABO-021,2026-01-14,128371
JAKA-JABO-021,2026-01-15,129211
JAKA-JABO-021,2026-01-16,133249
JAKA-JABO-021,2026-01-17,120546
JAKA-JABO-021,2026-01-18,112148
JAKA-JABO-021,2026-01-19,132854
JAKA-JABO-021,2026-01-20,131990
JAKA-JABO-021,2026-01-21,128545
JAKA-JABO-021,2026-01-22,122513
JAKA-JABO-021,2026-01-23,134504
JAKA-JABO-021,2026-01-24,118430
JAKA-JABO-021,2026-01-25,115097
JAKA-JABO-021,2026-01-26,127380
JAKA-JABO-021,2026-01-27,134178
JAKA-JABO-021,2026-01-28,131477
JAKA-JABO-021,2026-01-29,127664
JAKA-JABO-021,2026-01-30,132970
JAKA-JABO-021,2026-01-31,119278
JAKA-JABO-022,2025-11-01,88840
JAKA-JABO-022,2025-11-02,86115
JAKA-JABO-022,2025-11-03,97361
JAKA-JABO-022,2025-11-04,98844
JAKA-JABO-022,2025-11-05,98237
JAKA-JABO-022,2025-11-06,97207
JAKA-JABO-022,2025-11-07,97200
JAKA-JABO-022,2025-11-08,86853
JAKA-JABO-022,2025-11-09,86141
JAKA-JABO-022,2025-11-10,100392
JAKA-JABO-022,2025-11-11,99646
JAKA-JABO-022,2025-11-12,96853
JAKA-JABO-022,2025-11-13,97376
JAKA-JABO-022,2025-11-14,98375
JAKA-JABO-022,2025-11-15,88050
JAKA-JABO-022,2025-11-16,88785
JAKA-JABO-022,2025-11-17,98263
JAKA-JABO-022,2025-11-18,97420
JAKA-JABO-022,2025-11-19,98187
JAKA-JABO-022,2025-11-20,97229
JAKA-JABO-022,2025-11-21,100340
JAKA-JABO-022,2025-11-22,87749
JAKA-JABO-022,2025-11-23,87467
JAKA-JABO-022,2025-11-24,95757
JAKA-JABO-022,2025-11-25,97653
JAKA-JABO-022,2025-11-26,95493
JAKA-JABO-022,2025-11-27,100318
JAKA-JABO-022,2025-11-28,97187
JAKA-JABO-022,2025-11-29,91595
JAKA-JABO-022,2025-11-30,82584
JAKA-JABO-022,2025-12-01,106054
JAKA-JABO-022,2025-12-02,108504
JAKA-JABO-022,2025-12-03,108842
JAKA-JABO-022,2025-12-04,104919
JAKA-JABO-022,2025-12-05,108445
JAKA-JABO-022,2025-12-06,93056
JAKA-JABO-022,2025-12-07,93702
JAKA-JABO-022,2025-12-08,107029
JAKA-JABO-022,2025-12-09,106063
JAKA-JABO-022,2025-12-10,100689
JAKA-JABO-022,2025-12-11,99996
JAKA-JABO-022,2025-12-12,104026
JAKA-JABO-022,2025-12-13,96896
JAKA-JABO-022,2025-12-14,95969
JAKA-JABO-022,2025-12-15,107911
JAKA-JABO-022,2025-12-16,104473
JAKA-JABO-022,2025-12-17,104562
JAKA-JABO-022,2025-12-18,105471
JAKA-JABO-022,2025-12-19,106673
JAKA-JABO-022,2025-12-20,97188
JAKA-JABO-022,2025-12-21,91583
JAKA-JABO-022,2025-12-22,105673
JAKA-JABO-022,2025-12-23,103143
JAKA-JABO-022,2025-12-24,101363
JAKA-JABO-022,2025-12-25,106409
JAKA-JABO-022,2025-12-26,105100
JAKA-JABO-022,2025-12-27,96534
JAKA-JABO-022,2025-12-28,93890
JAKA-JABO-022,2025-12-29,107966
JAKA-JABO-022,2025-12-30,110173
JAKA-JABO-022,2025-12-31,106367
JAKA-JABO-022,2026-01-01,97406
JAKA-JABO-022,2026-01-02,101786
JAKA-JABO-022,2026-01-03,88848
JAKA-JABO-022,2026-01-04,86129
JAKA-JABO-022,2026-01-05,99472
JAKA-JABO-022,2026-01-06,101210
JAKA-JABO-022,2026-01-07,97630
JAKA-JABO-022,2026-01-08,98019
JAKA-JABO-022,2026-01-09,103566
JAKA-JABO-022,2026-01-10,94432
JAKA-JABO-022,2026-01-11,87507
JAKA-JABO-022,2026-01-12,103384
JAKA-JABO-022,2026-01-13,99286
JAKA-JABO-022,2026-01-14,100655
JAKA-JABO-022,2026-01-15,99166
JAKA-JABO-022,2026-01-16,101169
JAKA-JABO-022,2026-01-17,95029
JAKA-JABO-022,2026-01-18,88438
JAKA-JABO-022,2026-01-19,100574
JAKA-JABO-022,2026-01-20,100616
JAKA-JABO-022,2026-01-21,101437
JAKA-JABO-022,2026-01-22,97781
JAKA-JABO-022,2026-01-23,102658
JAKA-JABO-022,2026-01-24,90116
JAKA-JABO-022,2026-01-25,89986
JAKA-JABO-022,2026-01-26,102957
JAKA-JABO-022,2026-01-27,103188
JAKA-JABO-022,2026-01-28,97673
JAKA-JABO-022,2026-01-29,99686
JAKA-JABO-022,2026-01-30,104107
JAKA-JABO-022,2026-01-31,92341
JAKA-JABO-023,2025-11-01,126798
JAKA-JABO-023,2025-11-02,120990
JAKA-JABO-023,2025-11-03,137663
JAKA-JABO-023,2025-11-04,140422
JAKA-JABO-023,2025-11-05,141244
JAKA-JABO-023,2025-11-06,136356
JAKA-JABO-023,2025-11-07,140685
JAKA-JABO-023,2025-11-08,123571
JAKA-JABO-023,2025-11-09,123967
JAKA-JABO-023,2025-11-10,142288
JAKA-JABO-023,2025-11-11,144637
JAKA-JABO-023,2025-11-12,136169
JAKA-JABO-023,2025-11-13,136519
JAKA-JABO-023,2025-11-14,144149
JAKA-JABO-023,2025-11-15,129615
JAKA-JABO-023,2025-11-16,125941
JAKA-JABO-023,2025-11-17,137530
JAKA-JABO-023,2025-11-18,142831
JAKA-JABO-023,2025-11-19,136873
JAKA-JABO-023,2025-11-20,138772
JAKA-JABO-023,2025-11-21,146072
JAKA-JABO-023,2025-11-22,121074
JAKA-JABO-023,2025-11-23,118338
JAKA-JABO-023,2025-11-24,141330
JAKA-JABO-023,2025-11-25,139316
JAKA-JABO-023,2025-11-26,138789
JAKA-JABO-023,2025-11-27,140191
JAKA-JABO-023,2025-11-28,139368
JAKA-JABO-023,2025-11-29,129590
JAKA-JABO-023,2025-11-30,118037
JAKA-JABO-023,2025-12-01,147901
JAKA-JABO-023,2025-12-02,154695
JAKA-JABO-023,2025-12-03,152521
JAKA-JABO-023,2025-12-04,153135
JAKA-JABO-023,2025-12-05,162597
JAKA-JABO-023,2025-12-06,136674
JAKA-JABO-023,2025-12-07,127578
JAKA-JABO-023,2025-12-08,153754
JAKA-JABO-023,2025-12-09,149888
JAKA-JABO-023,2025-12-10,146334
JAKA-JABO-023,2025-12-11,144730
JAKA-JABO-023,2025-12-12,149362
JAKA-JABO-023,2025-12-13,140962
JAKA-JABO-023,2025-12-14,131063
JAKA-JABO-023,2025-12-15,156485
JAKA-JABO-023,2025-12-16,146897
JAKA-JABO-023,2025-12-17,148881
JAKA-JABO-023,2025-12-18,149931
JAKA-JABO-023,2025-12-19,149029
JAKA-JABO-023,2025-12-20,140956
JAKA-JABO-023,2025-12-21,129657
JAKA-JABO-023,2025-12-22,149545
JAKA-JABO-023,2025-12-23,152309
JAKA-JABO-023,2025-12-24,146753
JAKA-JABO-023,2025-12-25,149655
JAKA-JABO-023,2025-12-26,152602
JAKA-JABO-023,2025-12-27,137198
JAKA-JABO-023,2025-12-28,132119
JAKA-JABO-023,2025-12-29,152286
JAKA-JABO-023,2025-12-30,153907
JAKA-JABO-023,2025-12-31,149651
JAKA-JABO-023,2026-01-01,141300
JAKA-JABO-023,2026-01-02,146181
JAKA-JABO-023,2026-01-03,127805
JAKA-JABO-023,2026-01-04,126082
JAKA-JABO-023,2026-01-05,140916
JAKA-JABO-023,2026-01-06,143809
JAKA-JABO-023,2026-01-07,148501
JAKA-JABO-023,2026-01-08,140957
JAKA-JABO-023,2026-01-09,149155
JAKA-JABO-023,2026-01-10,135277
JAKA-JABO-023,2026-01-11,127061
JAKA-JABO-023,2026-01-12,150927
JAKA-JABO-023,2026-01-13,146187
JAKA-JABO-023,2026-01-14,144706
JAKA-JABO-023,2026-01-15,138739
JAKA-JABO-023,2026-01-16,149886
JAKA-JABO-023,2026-01-17,132657
JAKA-JABO-023,2026-01-18,124469
JAKA-JABO-023,2026-01-19,145731
JAKA-JABO-023,2026-01-20,145084
JAKA-JABO-023,2026-01-21,143451
JAKA-JABO-023,2026-01-22,141789
JAKA-JABO-023,2026-01-23,147884
JAKA-JABO-023,2026-01-24,132894
JAKA-JABO-023,2026-01-25,127781
JAKA-JABO-023,2026-01-26,141531
JAKA-JABO-023,2026-01-27,152828
JAKA-JABO-023,2026-01-28,139804
JAKA-JABO-023,2026-01-29,139976
JAKA-JABO-023,2026-01-30,147778
JAKA-JABO-023,2026-01-31,134774
JAKA-JABO-024,2025-11-01,119272
JAKA-JABO-024,2025-11-02,116676
JAKA-JABO-024,2025-11-03,132545
JAKA-JABO-024,2025-11-04,138798
JAKA-JABO-024,2025-11-05,137277
JAKA-JABO-024,2025-11-06,131731
JAKA-JABO-024,2025-11-07,132659
JAKA-JABO-024,2025-11-08,119265
JAKA-JABO-024,2025-11-09,118733
JAKA-JABO-024,2025-11-10,137425
JAKA-JABO-024,2025-11-11,138170
JAKA-JABO-024,2025-11-12,133847
JAKA-JABO-024,2025-11-13,133256
JAKA-JABO-024,2025-11-14,136595
JAKA-JABO-024,2025-11-15,124239
JAKA-JABO-024,2025-11-16,123446
JAKA-JABO-024,2025-11-17,139658
JAKA-JABO-024,2025-11-18,139569
JAKA-JABO-024,2025-11-19,135587
JAKA-JABO-024,2025-11-20,132772
JAKA-JABO-024,2025-11-21,137924
JAKA-JABO-024,2025-11-22,119505
JAKA-JABO-024,2025-11-23,117961
JAKA-JABO-024,2025-11-24,134692
JAKA-JABO-024,2025-11-25,129576
JAKA-JABO-024,2025-11-26,134426
JAKA-JABO-024,2025-11-27,136189
JAKA-JABO-024,2025-11-28,137803
JAKA-JABO-024,2025-11-29,126403
JAKA-JABO-024,2025-11-30,111904
JAKA-JABO-024,2025-12-01,142351
JAKA-JABO-024,2025-12-02,147221
JAKA-JABO-024,2025-12-03,147076
JAKA-JABO-024,2025-12-04,147739
JAKA-JABO-024,2025-12-05,149386
JAKA-JABO-024,2025-12-06,133700
JAKA-JABO-024,2025-12-07,124781
JAKA-JABO-024,2025-12-08,146988
JAKA-JABO-024,2025-12-09,143973
JAKA-JABO-024,2025-12-10,139277
JAKA-JABO-024,2025-12-11,139807
JAKA-JABO-024,2025-12-12,143645
JAKA-JABO-024,2025-12-13,133668
JAKA-JABO-024,2025-12-14,131409
JAKA-JABO-024,2025-12-15,149785
JAKA-JABO-024,2025-12-16,144990
JAKA-JABO-024,2025-12-17,145120
JAKA-JABO-024,2025-12-18,142311
JAKA-JABO-024,2025-12-19,144933
JAKA-JABO-024,2025-12-20,134121
JAKA-JABO-024,2025-12-21,127672
JAKA-JABO-024,2025-12-22,143788
JAKA-JABO-024,2025-12-23,144732
JAKA-JABO-024,2025-12-24,143934
JAKA-JABO-024,2025-12-25,143431
JAKA-JABO-024,2025-12-26,145848
JAKA-JABO-024,2025-12-27,131010
JAKA-JABO-024,2025-12-28,131069
JAKA-JABO-024,2025-12-29,151292
JAKA-JABO-024,2025-12-30,147372
JAKA-JABO-024,2025-12-31,142868
JAKA-JABO-024,2026-01-01,137148
JAKA-JABO-024,2026-01-02,139910
JAKA-JABO-024,2026-01-03,125037
JAKA-JABO-024,2026-01-04,121602
JAKA-JABO-024,2026-01-05,138440
JAKA-JABO-024,2026-01-06,140663
JAKA-JABO-024,2026-01-07,140568
JAKA-JABO-024,2026-01-08,136341
JAKA-JABO-024,2026-01-09,140320
JAKA-JABO-024,2026-01-10,132941
JAKA-JABO-024,2026-01-11,123069
JAKA-JABO-024,2026-01-12,142511
JAKA-JABO-024,2026-01-13,138931
JAKA-JABO-024,2026-01-14,135959
JAKA-JABO-024,2026-01-15,137450
JAKA-JABO-024,2026-01-16,142552
JAKA-JABO-024,2026-01-17,128244
JAKA-JABO-024,2026-01-18,118295
JAKA-JABO-024,2026-01-19,146322
JAKA-JABO-024,2026-01-20,141488
JAKA-JABO-024,2026-01-21,138298
JAKA-JABO-024,2026-01-22,136745
JAKA-JABO-024,2026-01-23,143183
JAKA-JABO-024,2026-01-24,124985
JAKA-JABO-024,2026-01-25,125551
JAKA-JABO-024,2026-01-26,138974
JAKA-JABO-024,2026-01-27,143876
JAKA-JABO-024,2026-01-28,135026
JAKA-JABO-024,2026-01-29,138249
JAKA-JABO-024,2026-01-30,143653
JAKA-JABO-024,2026-01-31,127317
JAKA-JABO-025,2025-11-01,113106
JAKA-JABO-025,2025-11-02,108823
JAKA-JABO-025,2025-11-03,124861
JAKA-JABO-025,2025-11-04,129941
JAKA-JABO-025,2025-11-05,129584
JAKA-JABO-025,2025-11-06,126799
JAKA-JABO-025,2025-11-07,125395
JAKA-JABO-025,2025-11-08,114235
JAKA-JABO-025,2025-11-09,113312
JAKA-JABO-025,2025-11-10,125583
JAKA-JABO-025,2025-11-11,126632
JAKA-JABO-025,2025-11-12,123963
JAKA-JABO-025,2025-11-13,121671
JAKA-JABO-025,2025-11-14,130646
JAKA-JABO-025,2025-11-15,115699
JAKA-JABO-025,2025-11-16,113864
JAKA-JABO-025,2025-11-17,125180
JAKA-JABO-025,2025-11-18,132344
JAKA-JABO-025,2025-11-19,125406
JAKA-JABO-025,2025-11-20,128132
JAKA-JABO-025,2025-11-21,130013
JAKA-JABO-025,2025-11-22,110789
JAKA-JABO-025,2025-11-23,110842
JAKA-JABO-025,2025-11-24,127380
JAKA-JABO-025,2025-11-25,124923
JAKA-JABO-025,2025-11-26,128100
JAKA-JABO-025,2025-11-27,129024
JAKA-JABO-025,2025-11-28,126344
JAKA-JABO-025,2025-11-29,116730
JAKA-JABO-025,2025-11-30,106674
JAKA-JABO-025,2025-12-01,137180
JAKA-JABO-025,2025-12-02,138738
JAKA-JABO-025,2025-12-03,133083
JAKA-JABO-025,2025-12-04,135415
JAKA-JABO-025,2025-12-05,142031
JAKA-JABO-025,2025-12-06,122913
JAKA-JABO-025,2025-12-07,117954
JAKA-JABO-025,2025-12-08,142611
JAKA-JABO-025,2025-12-09,134336
JAKA-JABO-025,2025-12-10,131213
JAKA-JABO-025,2025-12-11,131503
JAKA-JABO-025,2025-12-12,139266
JAKA-JABO-025,2025-12-13,124365
JAKA-JABO-025,2025-12-14,121857
JAKA-JABO-025,2025-12-15,137498
JAKA-JABO-025,2025-12-16,132705
JAKA-JABO-025,2025-12-17,137217
JAKA-JABO-025,2025-12-18,136436
JAKA-JABO-025,2025-12-19,136953
JAKA-JABO-025,2025-12-20,124775
JAKA-JABO-025,2025-12-21,119702
JAKA-JABO-025,2025-12-22,135044
JAKA-JABO-025,2025-12-23,138448
JAKA-JABO-025,2025-12-24,136904
JAKA-JABO-025,2025-12-25,134129
JAKA-JABO-025,2025-12-26,134836
JAKA-JABO-025,2025-12-27,124159
JAKA-JABO-025,2025-12-28,120419
JAKA-JABO-025,2025-12-29,138718
JAKA-JABO-025,2025-12-30,142775
JAKA-JABO-025,2025-12-31,135104
JAKA-JABO-025,2026-01-01,127057
JAKA-JABO-025,2026-01-02,132701
JAKA-JABO-025,2026-01-03,118598
JAKA-JABO-025,2026-01-04,112195
JAKA-JABO-025,2026-01-05,126548
JAKA-JABO-025,2026-01-06,126076
JAKA-JABO-025,2026-01-07,133413
JAKA-JABO-025,2026-01-08,129382
JAKA-JABO-025,2026-01-09,131419
JAKA-JABO-025,2026-01-10,125166
JAKA-JABO-025,2026-01-11,114672
JAKA-JABO-025,2026-01-12,131652
JAKA-JABO-025,2026-01-13,128359
JAKA-JABO-025,2026-01-14,132795
JAKA-JABO-025,2026-01-15,125509
JAKA-JABO-025,2026-01-16,131821
JAKA-JABO-025,2026-01-17,121504
JAKA-JABO-025,2026-01-18,111483
JAKA-JABO-025,2026-01-19,135269
JAKA-JABO-025,2026-01-20,129111
JAKA-JABO-025,2026-01-21,130721
JAKA-JABO-025,2026-01-22,127206
JAKA-JABO-025,2026-01-23,135710
JAKA-JABO-025,2026-01-24,119636
JAKA-JABO-025,2026-01-25,119657
JAKA-JABO-025,2026-01-26,133851
JAKA-JABO-025,2026-01-27,136157
JAKA-JABO-025,2026-01-28,131130
JAKA-JABO-025,2026-01-29,125565
JAKA-JABO-025,2026-01-30,133861
JAKA-JABO-025,2026-01-31,117079
JOGJ-YOGY-010,2025-11-01,94790
JOGJ-YOGY-010,2025-11-02,92124
JOGJ-YOGY-010,2025-11-03,103588
JOGJ-YOGY-010,2025-11-04,104625
JOGJ-YOGY-010,2025-11-05,109595
JOGJ-YOGY-010,2025-11-06,103310
JOGJ-YOGY-010,2025-11-07,101978
JOGJ-YOGY-010,2025-11-08,96373
JOGJ-YOGY-010,2025-11-09,93125
JOGJ-YOGY-010,2025-11-10,106156
JOGJ-YOGY-010,2025-11-11,107531
JOGJ-YOGY-010,2025-11-12,104012
JOGJ-YOGY-010,2025-11-13,101427
JOGJ-YOGY-010,2025-11-14,104202
JOGJ-YOGY-010,2025-11-15,95132
JOGJ-YOGY-010,2025-11-16,93053
JOGJ-YOGY-010,2025-11-17,107085
JOGJ-YOGY-010,2025-11-18,104186
JOGJ-YOGY-010,2025-11-19,105282
JOGJ-YOGY-010,2025-11-20,104539
JOGJ-YOGY-010,2025-11-21,108607
JOGJ-YOGY-010,2025-11-22,90123
JOGJ-YOGY-010,2025-11-23,90792
JOGJ-YOGY-010,2025-11-24,101479
JOGJ-YOGY-010,2025-11-25,104942
JOGJ-YOGY-010,2025-11-26,102078
JOGJ-YOGY-010,2025-11-27,105144
JOGJ-YOGY-010,2025-11-28,102770
JOGJ-YOGY-010,2025-11-29,94882
JOGJ-YOGY-010,2025-11-30,85532
JOGJ-YOGY-010,2025-12-01,112204
JOGJ-YOGY-010,2025-12-02,115718
JOGJ-YOGY-010,2025-12-03,113210
JOGJ-YOGY-010,2025-12-04,111919
JOGJ-YOGY-010,2025-12-05,116777
JOGJ-YOGY-010,2025-12-06,101777
JOGJ-YOGY-010,2025-12-07,101207
JOGJ-YOGY-010,2025-12-08,115581
JOGJ-YOGY-010,2025-12-09,109377
JOGJ-YOGY-010,2025-12-10,111896
JOGJ-YOGY-010,2025-12-11,107927
JOGJ-YOGY-010,2025-12-12,111832
JOGJ-YOGY-010,2025-12-13,101415
JOGJ-YOGY-010,2025-12-14,100563
JOGJ-YOGY-010,2025-12-15,117731
JOGJ-YOGY-010,2025-12-16,113335
JOGJ-YOGY-010,2025-12-17,109800
JOGJ-YOGY-010,2025-12-18,113471
JOGJ-YOGY-010,2025-12-19,113738
JOGJ-YOGY-010,2025-12-20,102491
JOGJ-YOGY-010,2025-12-21,98827
JOGJ-YOGY-010,2025-12-22,111807
JOGJ-YOGY-010,2025-12-23,112487
JOGJ-YOGY-010,2025-12-24,107362
JOGJ-YOGY-010,2025-12-25,112759
JOGJ-YOGY-010,2025-12-26,115392
JOGJ-YOGY-010,2025-12-27,102127
JOGJ-YOGY-010,2025-12-28,100457
JOGJ-YOGY-010,2025-12-29,113104
JOGJ-YOGY-010,2025-12-30,113024
JOGJ-YOGY-010,2025-12-31,111032
JOGJ-YOGY-010,2026-01-01,107507
JOGJ-YOGY-010,2026-01-02,113366
JOGJ-YOGY-010,2026-01-03,95834
JOGJ-YOGY-010,2026-01-04,94178
JOGJ-YOGY-010,2026-01-05,106401
JOGJ-YOGY-010,2026-01-06,108544
JOGJ-YOGY-010,2026-01-07,110341
JOGJ-YOGY-010,2026-01-08,105639
JOGJ-YOGY-010,2026-01-09,107917
JOGJ-YOGY-010,2026-01-10,100523
JOGJ-YOGY-010,2026-01-11,94654
JOGJ-YOGY-010,2026-01-12,111401
JOGJ-YOGY-010,2026-01-13,108686
JOGJ-YOGY-010,2026-01-14,108245
JOGJ-YOGY-010,2026-01-15,101435
JOGJ-YOGY-010,2026-01-16,109731
JOGJ-YOGY-010,2026-01-17,99678
JOGJ-YOGY-010,2026-01-18,90875
JOGJ-YOGY-010,2026-01-19,110472
JOGJ-YOGY-010,2026-01-20,112247
JOGJ-YOGY-010,2026-01-21,109569
JOGJ-YOGY-010,2026-01-22,103798
JOGJ-YOGY-010,2026-01-23,109923
JOGJ-YOGY-010,2026-01-24,97058
JOGJ-YOGY-010,2026-01-25,96565
JOGJ-YOGY-010,2026-01-26,107316
JOGJ-YOGY-010,2026-01-27,113802
JOGJ-YOGY-010,2026-01-28,105417
JOGJ-YOGY-010,2026-01-29,107013
JOGJ-YOGY-010,2026-01-30,111299
JOGJ-YOGY-010,2026-01-31,98262
MAKA-MAKA-029,2025-11-01,75726
MAKA-MAKA-029,2025-11-02,72056
MAKA-MAKA-029,2025-11-03,86224
MAKA-MAKA-029,2025-11-04,86060
MAKA-MAKA-029,2025-11-05,84372
MAKA-MAKA-029,2025-11-06,81939
MAKA-MAKA-029,2025-11-07,85026
MAKA-MAKA-029,2025-11-08,73737
MAKA-MAKA-029,2025-11-09,74385
MAKA-MAKA-029,2025-11-10,85325
MAKA-MAKA-029,2025-11-11,83481
MAKA-MAKA-029,2025-11-12,82800
MAKA-MAKA-029,2025-11-13,83912
MAKA-MAKA-029,2025-11-14,86334
MAKA-MAKA-029,2025-11-15,76002
MAKA-MAKA-029,2025-11-16,75339
MAKA-MAKA-029,2025-11-17,83340
MAKA-MAKA-029,2025-11-18,85973
MAKA-MAKA-029,2025-11-19,84163
MAKA-MAKA-029,2025-11-20,85004
MAKA-MAKA-029,2025-11-21,87626
MAKA-MAKA-029,2025-11-22,72976
MAKA-MAKA-029,2025-11-23,73797
MAKA-MAKA-029,2025-11-24,83097
MAKA-MAKA-029,2025-11-25,83962
MAKA-MAKA-029,2025-11-26,83373
MAKA-MAKA-029,2025-11-27,83807
MAKA-MAKA-029,2025-11-28,82526
MAKA-MAKA-029,2025-11-29,77554
MAKA-MAKA-029,2025-11-30,68672
MAKA-MAKA-029,2025-12-01,91554
MAKA-MAKA-029,2025-12-02,92817
MAKA-MAKA-029,2025-12-03,90469
MAKA-MAKA-029,2025-12-04,89191
MAKA-MAKA-029,2025-12-05,94212
MAKA-MAKA-029,2025-12-06,83477
MAKA-MAKA-029,2025-12-07,81722
MAKA-MAKA-029,2025-12-08,92411
MAKA-MAKA-029,2025-12-09,91063
MAKA-MAKA-029,2025-12-10,89056
MAKA-MAKA-029,2025-12-11,88913
MAKA-MAKA-029,2025-12-12,90998
MAKA-MAKA-029,2025-12-13,84734
MAKA-MAKA-029,2025-12-14,80331
MAKA-MAKA-029,2025-12-15,92836
MAKA-MAKA-029,2025-12-16,89736
MAKA-MAKA-029,2025-12-17,90552
MAKA-MAKA-029,2025-12-18,89664
MAKA-MAKA-029,2025-12-19,90993
MAKA-MAKA-029,2025-12-20,83295
MAKA-MAKA-029,2025-12-21,79235
MAKA-MAKA-029,2025-12-22,90681
MAKA-MAKA-029,2025-12-23,91976
MAKA-MAKA-029,2025-12-24,87510
MAKA-MAKA-029,2025-12-25,92575
MAKA-MAKA-029,2025-12-26,91113
MAKA-MAKA-029,2025-12-27,85273
MAKA-MAKA-029,2025-12-28,79343
MAKA-MAKA-029,2025-12-29,92993
MAKA-MAKA-029,2025-12-30,93613
MAKA-MAKA-029,2025-12-31,91243
MAKA-MAKA-029,2026-01-01,86906
MAKA-MAKA-029,2026-01-02,86768
MAKA-MAKA-029,2026-01-03,76851
MAKA-MAKA-029,2026-01-04,75801
MAKA-MAKA-029,2026-01-05,86133
MAKA-MAKA-029,2026-01-06,87394
MAKA-MAKA-029,2026-01-07,86812
MAKA-MAKA-029,2026-01-08,86516
MAKA-MAKA-029,2026-01-09,89118
MAKA-MAKA-029,2026-01-10,82505
MAKA-MAKA-029,2026-01-11,77332
MAKA-MAKA-029,2026-01-12,86656
MAKA-MAKA-029,2026-01-13,83965
MAKA-MAKA-029,2026-01-14,85882
MAKA-MAKA-029,2026-01-15,86984
MAKA-MAKA-029,2026-01-16,91370
MAKA-MAKA-029,2026-01-17,82229
MAKA-MAKA-029,2026-01-18,75677
MAKA-MAKA-029,2026-01-19,87916
MAKA-MAKA-029,2026-01-20,88495
MAKA-MAKA-029,2026-01-21,85921
MAKA-MAKA-029,2026-01-22,81002
MAKA-MAKA-029,2026-01-23,89364
MAKA-MAKA-029,2026-01-24,78141
MAKA-MAKA-029,2026-01-25,75902
MAKA-MAKA-029,2026-01-26,86028
MAKA-MAKA-029,2026-01-27,89901
MAKA-MAKA-029,2026-01-28,85697
MAKA-MAKA-029,2026-01-29,85756
MAKA-MAKA-029,2026-01-30,89575
MAKA-MAKA-029,2026-01-31,79502
MEDA-MEDA-011,2025-11-01,87930
MEDA-MEDA-011,2025-11-02,86455
MEDA-MEDA-011,2025-11-03,97053
MEDA-MEDA-011,2025-11-04,100385
MEDA-MEDA-011,2025-11-05,100071
MEDA-MEDA-011,2025-11-06,96463
MEDA-MEDA-011,2025-11-07,99448
MEDA-MEDA-011,2025-11-08,90378
MEDA-MEDA-011,2025-11-09,87610
MEDA-MEDA-011,2025-11-10,100026
MEDA-MEDA-011,2025-11-11,99687
MEDA-MEDA-011,2025-11-12,95970
MEDA-MEDA-011,2025-11-13,98019
MEDA-MEDA-011,2025-11-14,101839
MEDA-MEDA-011,2025-11-15,89356
MEDA-MEDA-011,2025-11-16,87981
MEDA-MEDA-011,2025-11-17,100140
MEDA-MEDA-011,2025-11-18,100250
MEDA-MEDA-011,2025-11-19,99432
MEDA-MEDA-011,2025-11-20,97526
MEDA-MEDA-011,2025-11-21,100261
MEDA-MEDA-011,2025-11-22,88374
MEDA-MEDA-011,2025-11-23,85759
MEDA-MEDA-011,2025-11-24,97879
MEDA-MEDA-011,2025-11-25,97747
MEDA-MEDA-011,2025-11-26,100297
MEDA-MEDA-011,2025-11-27,99108
MEDA-MEDA-011,2025-11-28,100097
MEDA-MEDA-011,2025-11-29,89713
MEDA-MEDA-011,2025-11-30,82659
MEDA-MEDA-011,2025-12-01,105782
MEDA-MEDA-011,2025-12-02,109712
MEDA-MEDA-011,2025-12-03,108613
MEDA-MEDA-011,2025-12-04,108448
MEDA-MEDA-011,2025-12-05,110547
MEDA-MEDA-011,2025-12-06,96991
MEDA-MEDA-011,2025-12-07,96735
MEDA-MEDA-011,2025-12-08,110151
MEDA-MEDA-011,2025-12-09,107428
MEDA-MEDA-011,2025-12-10,103450
MEDA-MEDA-011,2025-12-11,102210
MEDA-MEDA-011,2025-12-12,106669
MEDA-MEDA-011,2025-12-13,99356
MEDA-MEDA-011,2025-12-14,95495
MEDA-MEDA-011,2025-12-15,110293
MEDA-MEDA-011,2025-12-16,106682
MEDA-MEDA-011,2025-12-17,108323
MEDA-MEDA-011,2025-12-18,106096
MEDA-MEDA-011,2025-12-19,106655
MEDA-MEDA-011,2025-12-20,100568
MEDA-MEDA-011,2025-12-21,91856
MEDA-MEDA-011,2025-12-22,108100
MEDA-MEDA-011,2025-12-23,109291
MEDA-MEDA-011,2025-12-24,104938
MEDA-MEDA-011,2025-12-25,105143
MEDA-MEDA-011,2025-12-26,107792
MEDA-MEDA-011,2025-12-27,100386
MEDA-MEDA-011,2025-12-28,94652
MEDA-MEDA-011,2025-12-29,110137
MEDA-MEDA-011,2025-12-30,107318
MEDA-MEDA-011,2025-12-31,104330
MEDA-MEDA-011,2026-01-01,100822
MEDA-MEDA-011,2026-01-02,105575
MEDA-MEDA-011,2026-01-03,91678
MEDA-MEDA-011,2026-01-04,86832
MEDA-MEDA-011,2026-01-05,101567
MEDA-MEDA-011,2026-01-06,100013
MEDA-MEDA-011,2026-01-07,106442
MEDA-MEDA-011,2026-01-08,100267
MEDA-MEDA-011,2026-01-09,104735
MEDA-MEDA-011,2026-01-10,94735
MEDA-MEDA-011,2026-01-11,90751
MEDA-MEDA-011,2026-01-12,103180
MEDA-MEDA-011,2026-01-13,100822
MEDA-MEDA-011,2026-01-14,98476
MEDA-MEDA-011,2026-01-15,98092
MEDA-MEDA-011,2026-01-16,103331
MEDA-MEDA-011,2026-01-17,94715
MEDA-MEDA-011,2026-01-18,86596
MEDA-MEDA-011,2026-01-19,105384
MEDA-MEDA-011,2026-01-20,106214
MEDA-MEDA-011,2026-01-21,103449
MEDA-MEDA-011,2026-01-22,96480
MEDA-MEDA-011,2026-01-23,102794
MEDA-MEDA-011,2026-01-24,94812
MEDA-MEDA-011,2026-01-25,91929
MEDA-MEDA-011,2026-01-26,104439
MEDA-MEDA-011,2026-01-27,108528
MEDA-MEDA-011,2026-01-28,101630
MEDA-MEDA-011,2026-01-29,100640
MEDA-MEDA-011,2026-01-30,102337
MEDA-MEDA-011,2026-01-31,94868
MEDA-MEDA-016,2025-11-01,80604
MEDA-MEDA-016,2025-11-02,77431
MEDA-MEDA-016,2025-11-03,88465
MEDA-MEDA-016,2025-11-04,89725
MEDA-MEDA-016,2025-11-05,87971
MEDA-MEDA-016,2025-11-06,89441
MEDA-MEDA-016,2025-11-07,88520
MEDA-MEDA-016,2025-11-08,79505
MEDA-MEDA-016,2025-11-09,78760
MEDA-MEDA-016,2025-11-10,91695
MEDA-MEDA-016,2025-11-11,91507
MEDA-MEDA-016,2025-11-12,86454
MEDA-MEDA-016,2025-11-13,84206
MEDA-MEDA-016,2025-11-14,91237
MEDA-MEDA-016,2025-11-15,82220
MEDA-MEDA-016,2025-11-16,79689
MEDA-MEDA-016,2025-11-17,90640
MEDA-MEDA-016,2025-11-18,92327
MEDA-MEDA-016,2025-11-19,87075
MEDA-MEDA-016,2025-11-20,86982
MEDA-MEDA-016,2025-11-21,91542
MEDA-MEDA-016,2025-11-22,77307
MEDA-MEDA-016,2025-11-23,77650
MEDA-MEDA-016,2025-11-24,90775
MEDA-MEDA-016,2025-11-25,88295
MEDA-MEDA-016,2025-11-26,87113
MEDA-MEDA-016,2025-11-27,91577
MEDA-MEDA-016,2025-11-28,88884
MEDA-MEDA-016,2025-11-29,81533
MEDA-MEDA-016,2025-11-30,73978
MEDA-MEDA-016,2025-12-01,95173
MEDA-MEDA-016,2025-12-02,97994
MEDA-MEDA-016,2025-12-03,94675
MEDA-MEDA-016,2025-12-04,96098
MEDA-MEDA-016,2025-12-05,101762
MEDA-MEDA-016,2025-12-06,89740
MEDA-MEDA-016,2025-12-07,82243
MEDA-MEDA-016,2025-12-08,96607
MEDA-MEDA-016,2025-12-09,96942
MEDA-MEDA-016,2025-12-10,93330
MEDA-MEDA-016,2025-12-11,91439
MEDA-MEDA-016,2025-12-12,94866
MEDA-MEDA-016,2025-12-13,88076
MEDA-MEDA-016,2025-12-14,85926
MEDA-MEDA-016,2025-12-15,100893
MEDA-MEDA-016,2025-12-16,96630
MEDA-MEDA-016,2025-12-17,97113
MEDA-MEDA-016,2025-12-18,95050
MEDA-MEDA-016,2025-12-19,98717
MEDA-MEDA-016,2025-12-20,89871
MEDA-MEDA-016,2025-12-21,84973
MEDA-MEDA-016,2025-12-22,95080
MEDA-MEDA-016,2025-12-23,95652
MEDA-MEDA-016,2025-12-24,93475
MEDA-MEDA-016,2025-12-25,97022
MEDA-MEDA-016,2025-12-26,94275
MEDA-MEDA-016,2025-12-27,87469
MEDA-MEDA-016,2025-12-28,84617
MEDA-MEDA-016,2025-12-29,98485
MEDA-MEDA-016,2025-12-30,96921
MEDA-MEDA-016,2025-12-31,94201
MEDA-MEDA-016,2026-01-01,90783
MEDA-MEDA-016,2026-01-02,94006
MEDA-MEDA-016,2026-01-03,81595
MEDA-MEDA-016,2026-01-04,79791
MEDA-MEDA-016,2026-01-05,89682
MEDA-MEDA-016,2026-01-06,90036
MEDA-MEDA-016,2026-01-07,91573
MEDA-MEDA-016,2026-01-08,90440
MEDA-MEDA-016,2026-01-09,94195
MEDA-MEDA-016,2026-01-10,87328
MEDA-MEDA-016,2026-01-11,81163
MEDA-MEDA-016,2026-01-12,93282
MEDA-MEDA-016,2026-01-13,90758
MEDA-MEDA-016,2026-01-14,92168
MEDA-MEDA-016,2026-01-15,89128
MEDA-MEDA-016,2026-01-16,92814
MEDA-MEDA-016,2026-01-17,85587
MEDA-MEDA-016,2026-01-18,77730
MEDA-MEDA-016,2026-01-19,93613
MEDA-MEDA-016,2026-01-20,93021
MEDA-MEDA-016,2026-01-21,92711
MEDA-MEDA-016,2026-01-22,87531
MEDA-MEDA-016,2026-01-23,95730
MEDA-MEDA-016,2026-01-24,85528
MEDA-MEDA-016,2026-01-25,83342
MEDA-MEDA-016,2026-01-26,93809
MEDA-MEDA-016,2026-01-27,95107
MEDA-MEDA-016,2026-01-28,88402
MEDA-MEDA-016,2026-01-29,90169
MEDA-MEDA-016,2026-01-30,92818
MEDA-MEDA-016,2026-01-31,84399
MEDA-MEDA-028,2025-11-01,69182
MEDA-MEDA-028,2025-11-02,65712
MEDA-MEDA-028,2025-11-03,76244
MEDA-MEDA-028,2025-11-04,78009
MEDA-MEDA-028,2025-11-05,80176
MEDA-MEDA-028,2025-11-06,73872
MEDA-MEDA-028,2025-11-07,74840
MEDA-MEDA-028,2025-11-08,67831
MEDA-MEDA-028,2025-11-09,68398
MEDA-MEDA-028,2025-11-10,77844
MEDA-MEDA-028,2025-11-11,78360
MEDA-MEDA-028,2025-11-12,75245
MEDA-MEDA-028,2025-11-13,76814
MEDA-MEDA-028,2025-11-14,79328
MEDA-MEDA-028,2025-11-15,70213
MEDA-MEDA-028,2025-11-16,67681
MEDA-MEDA-028,2025-11-17,77621
MEDA-MEDA-028,2025-11-18,77470
MEDA-MEDA-028,2025-11-19,75765
MEDA-MEDA-028,2025-11-20,75900
MEDA-MEDA-028,2025-11-21,78323
MEDA-MEDA-028,2025-11-22,67382
MEDA-MEDA-028,2025-11-23,65528
MEDA-MEDA-028,2025-11-24,74415
MEDA-MEDA-028,2025-11-25,74831
MEDA-MEDA-028,2025-11-26,74769
MEDA-MEDA-028,2025-11-27,76988
MEDA-MEDA-028,2025-11-28,74857
MEDA-MEDA-028,2025-11-29,71391
MEDA-MEDA-028,2025-11-30,65871
MEDA-MEDA-028,2025-12-01,81596
MEDA-MEDA-028,2025-12-02,83468
MEDA-MEDA-028,2025-12-03,84215
MEDA-MEDA-028,2025-12-04,81836
MEDA-MEDA-028,2025-12-05,84858
MEDA-MEDA-028,2025-12-06,74044
MEDA-MEDA-028,2025-12-07,73750
MEDA-MEDA-028,2025-12-08,83972
MEDA-MEDA-028,2025-12-09,83274
MEDA-MEDA-028,2025-12-10,81565
MEDA-MEDA-028,2025-12-11,79316
MEDA-MEDA-028,2025-12-12,84800
MEDA-MEDA-028,2025-12-13,76970
MEDA-MEDA-028,2025-12-14,73621
MEDA-MEDA-028,2025-12-15,83777
MEDA-MEDA-028,2025-12-16,78974
MEDA-MEDA-028,2025-12-17,81452
MEDA-MEDA-028,2025-12-18,85724
MEDA-MEDA-028,2025-12-19,82934
MEDA-MEDA-028,2025-12-20,75177
MEDA-MEDA-028,2025-12-21,71430
MEDA-MEDA-028,2025-12-22,82603
MEDA-MEDA-028,2025-12-23,83096
MEDA-MEDA-028,2025-12-24,79135
MEDA-MEDA-028,2025-12-25,83192
MEDA-MEDA-028,2025-12-26,83368
MEDA-MEDA-028,2025-12-27,72886
MEDA-MEDA-028,2025-12-28,72503
MEDA-MEDA-028,2025-12-29,81855
MEDA-MEDA-028,2025-12-30,86306
MEDA-MEDA-028,2025-12-31,82117
MEDA-MEDA-028,2026-01-01,76593
MEDA-MEDA-028,2026-01-02,81408
MEDA-MEDA-028,2026-01-03,69581
MEDA-MEDA-028,2026-01-04,67287
MEDA-MEDA-028,2026-01-05,76964
MEDA-MEDA-028,2026-01-06,77326
MEDA-MEDA-028,2026-01-07,77091
MEDA-MEDA-028,2026-01-08,78349
MEDA-MEDA-028,2026-01-09,81745
MEDA-MEDA-028,2026-01-10,73972
MEDA-MEDA-028,2026-01-11,69649
MEDA-MEDA-028,2026-01-12,78916
MEDA-MEDA-028,2026-01-13,77798
MEDA-MEDA-028,2026-01-14,77828
MEDA-MEDA-028,2026-01-15,76707
MEDA-MEDA-028,2026-01-16,79988
MEDA-MEDA-028,2026-01-17,73079
MEDA-MEDA-028,2026-01-18,68902
MEDA-MEDA-028,2026-01-19,81079
MEDA-MEDA-028,2026-01-20,80939
MEDA-MEDA-028,2026-01-21,78313
MEDA-MEDA-028,2026-01-22,77908
MEDA-MEDA-028,2026-01-23,80339
MEDA-MEDA-028,2026-01-24,71959
MEDA-MEDA-028,2026-01-25,71450
MEDA-MEDA-028,2026-01-26,81644
MEDA-MEDA-028,2026-01-27,83002
MEDA-MEDA-028,2026-01-28,81030
MEDA-MEDA-028,2026-01-29,77053
MEDA-MEDA-028,2026-01-30,80477
MEDA-MEDA-028,2026-01-31,71520
SEMA-SEMA-005,2025-11-01,71230
SEMA-SEMA-005,2025-11-02,67662
SEMA-SEMA-005,2025-11-03,79802
SEMA-SEMA-005,2025-11-04,83115
SEMA-SEMA-005,2025-11-05,82058
SEMA-SEMA-005,2025-11-06,77106
SEMA-SEMA-005,2025-11-07,77761
SEMA-SEMA-005,2025-11-08,70605
SEMA-SEMA-005,2025-11-09,72949
SEMA-SEMA-005,2025-11-10,80799
SEMA-SEMA-005,2025-11-11,81065
SEMA-SEMA-005,2025-11-12,77545
SEMA-SEMA-005,2025-11-13,80056
SEMA-SEMA-005,2025-11-14,80268
SEMA-SEMA-005,2025-11-15,71687
SEMA-SEMA-005,2025-11-16,70882
SEMA-SEMA-005,2025-11-17,79462
SEMA-SEMA-005,2025-11-18,83315
SEMA-SEMA-005,2025-11-19,78624
SEMA-SEMA-005,2025-11-20,77800
SEMA-SEMA-005,2025-11-21,82610
SEMA-SEMA-005,2025-11-22,69912
SEMA-SEMA-005,2025-11-23,68570
SEMA-SEMA-005,2025-11-24,78662
SEMA-SEMA-005,2025-11-25,79981
SEMA-SEMA-005,2025-11-26,78246
SEMA-SEMA-005,2025-11-27,81314
SEMA-SEMA-005,2025-11-28,80880
SEMA-SEMA-005,2025-11-29,73462
SEMA-SEMA-005,2025-11-30,68560
SEMA-SEMA-005,2025-12-01,87405
SEMA-SEMA-005,2025-12-02,86373
SEMA-SEMA-005,2025-12-03,87543
SEMA-SEMA-005,2025-12-04,86658
SEMA-SEMA-005,2025-12-05,88602
SEMA-SEMA-005,2025-12-06,75825
SEMA-SEMA-005,2025-12-07,73876
SEMA-SEMA-005,2025-12-08,87455
SEMA-SEMA-005,2025-12-09,84886
SEMA-SEMA-005,2025-12-10,83471
SEMA-SEMA-005,2025-12-11,84452
SEMA-SEMA-005,2025-12-12,86194
SEMA-SEMA-005,2025-12-13,79027
SEMA-SEMA-005,2025-12-14,77016
SEMA-SEMA-005,2025-12-15,87528
SEMA-SEMA-005,2025-12-16,86045
SEMA-SEMA-005,2025-12-17,86389
SEMA-SEMA-005,2025-12-18,84927
SEMA-SEMA-005,2025-12-19,86025
SEMA-SEMA-005,2025-12-20,80899
SEMA-SEMA-005,2025-12-21,73544
SEMA-SEMA-005,2025-12-22,86113
SEMA-SEMA-005,2025-12-23,85259
SEMA-SEMA-005,2025-12-24,83840
SEMA-SEMA-005,2025-12-25,85896
SEMA-SEMA-005,2025-12-26,87807
SEMA-SEMA-005,2025-12-27,78322
SEMA-SEMA-005,2025-12-28,77067
SEMA-SEMA-005,2025-12-29,86386
SEMA-SEMA-005,2025-12-30,87832
SEMA-SEMA-005,2025-12-31,85045
SEMA-SEMA-005,2026-01-01,80278
SEMA-SEMA-005,2026-01-02,85847
SEMA-SEMA-005,2026-01-03,73578
SEMA-SEMA-005,2026-01-04,72193
SEMA-SEMA-005,2026-01-05,81251
SEMA-SEMA-005,2026-01-06,81165
SEMA-SEMA-005,2026-01-07,84449
SEMA-SEMA-005,2026-01-08,81199
SEMA-SEMA-005,2026-01-09,84666
SEMA-SEMA-005,2026-01-10,78020
SEMA-SEMA-005,2026-01-11,72621
SEMA-SEMA-005,2026-01-12,85989
SEMA-SEMA-005,2026-01-13,81931
SEMA-SEMA-005,2026-01-14,79521
SEMA-SEMA-005,2026-01-15,81667
SEMA-SEMA-005,2026-01-16,83042
SEMA-SEMA-005,2026-01-17,78201
SEMA-SEMA-005,2026-01-18,68850
SEMA-SEMA-005,2026-01-19,82890
SEMA-SEMA-005,2026-01-20,84530
SEMA-SEMA-005,2026-01-21,82308
SEMA-SEMA-005,2026-01-22,79523
SEMA-SEMA-005,2026-01-23,85468
SEMA-SEMA-005,2026-01-24,74977
SEMA-SEMA-005,2026-01-25,73792
SEMA-SEMA-005,2026-01-26,85288
SEMA-SEMA-005,2026-01-27,87128
SEMA-SEMA-005,2026-01-28,83072
SEMA-SEMA-005,2026-01-29,83042
SEMA-SEMA-005,2026-01-30,82545
SEMA-SEMA-005,2026-01-31,74966
SEMA-SEMA-006,2025-11-01,126420
SEMA-SEMA-006,2025-11-02,120300
SEMA-SEMA-006,2025-11-03,136659
SEMA-SEMA-006,2025-11-04,141317
SEMA-SEMA-006,2025-11-05,143204
SEMA-SEMA-006,2025-11-06,137195
SEMA-SEMA-006,2025-11-07,137623
SEMA-SEMA-006,2025-11-08,124913
SEMA-SEMA-006,2025-11-09,120692
SEMA-SEMA-006,2025-11-10,141942
SEMA-SEMA-006,2025-11-11,140869
SEMA-SEMA-006,2025-11-12,138611
SEMA-SEMA-006,2025-11-13,134662
SEMA-SEMA-006,2025-11-14,143513
SEMA-SEMA-006,2025-11-15,130540
SEMA-SEMA-006,2025-11-16,130025
SEMA-SEMA-006,2025-11-17,141344
SEMA-SEMA-006,2025-11-18,146728
SEMA-SEMA-006,2025-11-19,137906
SEMA-SEMA-006,2025-11-20,136655
SEMA-SEMA-006,2025-11-21,141385
SEMA-SEMA-006,2025-11-22,123143
SEMA-SEMA-006,2025-11-23,122329
SEMA-SEMA-006,2025-11-24,138393
SEMA-SEMA-006,2025-11-25,136949
SEMA-SEMA-006,2025-11-26,138738
SEMA-SEMA-006,2025-11-27,141836
SEMA-SEMA-006,2025-11-28,139575
SEMA-SEMA-006,2025-11-29,129579
SEMA-SEMA-006,2025-11-30,120051
SEMA-SEMA-006,2025-12-01,155060
SEMA-SEMA-006,2025-12-02,153012
SEMA-SEMA-006,2025-12-03,156209
SEMA-SEMA-006,2025-12-04,153164
SEMA-SEMA-006,2025-12-05,153247
SEMA-SEMA-006,2025-12-06,135583
SEMA-SEMA-006,2025-12-07,132292
SEMA-SEMA-006,2025-12-08,153691
SEMA-SEMA-006,2025-12-09,149434
SEMA-SEMA-006,2025-12-10,147483
SEMA-SEMA-006,2025-12-11,144497
SEMA-SEMA-006,2025-12-12,147246
SEMA-SEMA-006,2025-12-13,139203
SEMA-SEMA-006,2025-12-14,131089
SEMA-SEMA-006,2025-12-15,153094
SEMA-SEMA-006,2025-12-16,151779
SEMA-SEMA-006,2025-12-17,150449
SEMA-SEMA-006,2025-12-18,154893
SEMA-SEMA-006,2025-12-19,156308
SEMA-SEMA-006,2025-12-20,138122
SEMA-SEMA-006,2025-12-21,130769
SEMA-SEMA-006,2025-12-22,148325
SEMA-SEMA-006,2025-12-23,150346
SEMA-SEMA-006,2025-12-24,146095
SEMA-SEMA-006,2025-12-25,150826
SEMA-SEMA-006,2025-12-26,153815
SEMA-SEMA-006,2025-12-27,138365
SEMA-SEMA-006,2025-12-28,133857
SEMA-SEMA-006,2025-12-29,153686
SEMA-SEMA-006,2025-12-30,157915
SEMA-SEMA-006,2025-12-31,151162
SEMA-SEMA-006,2026-01-01,141070
SEMA-SEMA-006,2026-01-02,148789
SEMA-SEMA-006,2026-01-03,126606
SEMA-SEMA-006,2026-01-04,127098
SEMA-SEMA-006,2026-01-05,140701
SEMA-SEMA-006,2026-01-06,143714
SEMA-SEMA-006,2026-01-07,148234
SEMA-SEMA-006,2026-01-08,140902
SEMA-SEMA-006,2026-01-09,145063
SEMA-SEMA-006,2026-01-10,135663
SEMA-SEMA-006,2026-01-11,127535
SEMA-SEMA-006,2026-01-12,147386
SEMA-SEMA-006,2026-01-13,138700
SEMA-SEMA-006,2026-01-14,143040
SEMA-SEMA-006,2026-01-15,137957
SEMA-SEMA-006,2026-01-16,150789
SEMA-SEMA-006,2026-01-17,134290
SEMA-SEMA-006,2026-01-18,122070
SEMA-SEMA-006,2026-01-19,150141
SEMA-SEMA-006,2026-01-20,149024
SEMA-SEMA-006,2026-01-21,142363
SEMA-SEMA-006,2026-01-22,142476
SEMA-SEMA-006,2026-01-23,149208
SEMA-SEMA-006,2026-01-24,128671
SEMA-SEMA-006,2026-01-25,130998
SEMA-SEMA-006,2026-01-26,146072
SEMA-SEMA-006,2026-01-27,151001
SEMA-SEMA-006,2026-01-28,144127
SEMA-SEMA-006,2026-01-29,140826
SEMA-SEMA-006,2026-01-30,147877
SEMA-SEMA-006,2026-01-31,130485
SOLO-SOLO-009,2025-11-01,71726
SOLO-SOLO-009,2025-11-02,71730
SOLO-SOLO-009,2025-11-03,81392
SOLO-SOLO-009,2025-11-04,83627
SOLO-SOLO-009,2025-11-05,84004
SOLO-SOLO-009,2025-11-06,81527
SOLO-SOLO-009,2025-11-07,83250
SOLO-SOLO-009,2025-11-08,73630
SOLO-SOLO-009,2025-11-09,72418
SOLO-SOLO-009,2025-11-10,84199
SOLO-SOLO-009,2025-11-11,83514
SOLO-SOLO-009,2025-11-12,81271
SOLO-SOLO-009,2025-11-13,84179
SOLO-SOLO-009,2025-11-14,86600
SOLO-SOLO-009,2025-11-15,73999
SOLO-SOLO-009,2025-11-16,72502
SOLO-SOLO-009,2025-11-17,81189
SOLO-SOLO-009,2025-11-18,83535
SOLO-SOLO-009,2025-11-19,80117
SOLO-SOLO-009,2025-11-20,83050
SOLO-SOLO-009,2025-11-21,84136
SOLO-SOLO-009,2025-11-22,72790
SOLO-SOLO-009,2025-11-23,72092
SOLO-SOLO-009,2025-11-24,81607
SOLO-SOLO-009,2025-11-25,79642
SOLO-SOLO-009,2025-11-26,82752
SOLO-SOLO-009,2025-11-27,82610
SOLO-SOLO-009,2025-11-28,80567
SOLO-SOLO-009,2025-11-29,75178
SOLO-SOLO-009,2025-11-30,69549
SOLO-SOLO-009,2025-12-01,88527
SOLO-SOLO-009,2025-12-02,89476
SOLO-SOLO-009,2025-12-03,88747
SOLO-SOLO-009,2025-12-04,89824
SOLO-SOLO-009,2025-12-05,92354
SOLO-SOLO-009,2025-12-06,79167
SOLO-SOLO-009,2025-12-07,77808
SOLO-SOLO-009,2025-12-08,92376
SOLO-SOLO-009,2025-12-09,90013
SOLO-SOLO-009,2025-12-10,88596
SOLO-SOLO-009,2025-12-11,84135
SOLO-SOLO-009,2025-12-12,88202
SOLO-SOLO-009,2025-12-13,82394
SOLO-SOLO-009,2025-12-14,79178
SOLO-SOLO-009,2025-12-15,91623
SOLO-SOLO-009,2025-12-16,90879
SOLO-SOLO-009,2025-12-17,89208
SOLO-SOLO-009,2025-12-18,90278
SOLO-SOLO-009,2025-12-19,89922
SOLO-SOLO-009,2025-12-20,80057
SOLO-SOLO-009,2025-12-21,77911
SOLO-SOLO-009,2025-12-22,89209
SOLO-SOLO-009,2025-12-23,88463
SOLO-SOLO-009,2025-12-24,86253
SOLO-SOLO-009,2025-12-25,89253
SOLO-SOLO-009,2025-12-26,88640
SOLO-SOLO-009,2025-12-27,83431
SOLO-SOLO-009,2025-12-28,77978
SOLO-SOLO-009,2025-12-29,90399
SOLO-SOLO-009,2025-12-30,90410
SOLO-SOLO-009,2025-12-31,87728
SOLO-SOLO-009,2026-01-01,83426
SOLO-SOLO-009,2026-01-02,86742
SOLO-SOLO-009,2026-01-03,76132
SOLO-SOLO-009,2026-01-04,74538
SOLO-SOLO-009,2026-01-05,84098
SOLO-SOLO-009,2026-01-06,86599
SOLO-SOLO-009,2026-01-07,86154
SOLO-SOLO-009,2026-01-08,81678
SOLO-SOLO-009,2026-01-09,86476
SOLO-SOLO-009,2026-01-10,79827
SOLO-SOLO-009,2026-01-11,74565
SOLO-SOLO-009,2026-01-12,86848
SOLO-SOLO-009,2026-01-13,82908
SOLO-SOLO-009,2026-01-14,86123
SOLO-SOLO-009,2026-01-15,81936
SOLO-SOLO-009,2026-01-16,86354
SOLO-SOLO-009,2026-01-17,81253
SOLO-SOLO-009,2026-01-18,74461
SOLO-SOLO-009,2026-01-19,87388
SOLO-SOLO-009,2026-01-20,86717
SOLO-SOLO-009,2026-01-21,85163
SOLO-SOLO-009,2026-01-22,83870
SOLO-SOLO-009,2026-01-23,84885
SOLO-SOLO-009,2026-01-24,77479
SOLO-SOLO-009,2026-01-25,75321
SOLO-SOLO-009,2026-01-26,88613
SOLO-SOLO-009,2026-01-27,89976
SOLO-SOLO-009,2026-01-28,86533
SOLO-SOLO-009,2026-01-29,84748
SOLO-SOLO-009,2026-01-30,88325
SOLO-SOLO-009,2026-01-31,80536
SURA-SURA-014,2025-11-01,115939
SURA-SURA-014,2025-11-02,113725
SURA-SURA-014,2025-11-03,124794
SURA-SURA-014,2025-11-04,134233
SURA-SURA-014,2025-11-05,131511
SURA-SURA-014,2025-11-06,128453
SURA-SURA-014,2025-11-07,129309
SURA-SURA-014,2025-11-08,117429
SURA-SURA-014,2025-11-09,115252
SURA-SURA-014,2025-11-10,131665
SURA-SURA-014,2025-11-11,131356
SURA-SURA-014,2025-11-12,131795
SURA-SURA-014,2025-11-13,128978
SURA-SURA-014,2025-11-14,133893
SURA-SURA-014,2025-11-15,119263
SURA-SURA-014,2025-11-16,113726
SURA-SURA-014,2025-11-17,131322
SURA-SURA-014,2025-11-18,130643
SURA-SURA-014,2025-11-19,128742
SURA-SURA-014,2025-11-20,128204
SURA-SURA-014,2025-11-21,132380
SURA-SURA-014,2025-11-22,113866
SURA-SURA-014,2025-11-23,112162
SURA-SURA-014,2025-11-24,130955
SURA-SURA-014,2025-11-25,127545
SURA-SURA-014,2025-11-26,129006
SURA-SURA-014,2025-11-27,134618
SURA-SURA-014,2025-11-28,131199
SURA-SURA-014,2025-11-29,121404
SURA-SURA-014,2025-11-30,110477
SURA-SURA-014,2025-12-01,138282
SURA-SURA-014,2025-12-02,139346
SURA-SURA-014,2025-12-03,139400
SURA-SURA-014,2025-12-04,138044
SURA-SURA-014,2025-12-05,148211
SURA-SURA-014,2025-12-06,128573
SURA-SURA-014,2025-12-07,122503
SURA-SURA-014,2025-12-08,148574
SURA-SURA-014,2025-12-09,138833
SURA-SURA-014,2025-12-10,132339
SURA-SURA-014,2025-12-11,135699
SURA-SURA-014,2025-12-12,140918
SURA-SURA-014,2025-12-13,126956
SURA-SURA-014,2025-12-14,123965
SURA-SURA-014,2025-12-15,139839
SURA-SURA-014,2025-12-16,138559
SURA-SURA-014,2025-12-17,140883
SURA-SURA-014,2025-12-18,142708
SURA-SURA-014,2025-12-19,145576
SURA-SURA-014,2025-12-20,128082
SURA-SURA-014,2025-12-21,124280
SURA-SURA-014,2025-12-22,143281
SURA-SURA-014,2025-12-23,141165
SURA-SURA-014,2025-12-24,135662
SURA-SURA-014,2025-12-25,139347
SURA-SURA-014,2025-12-26,142512
SURA-SURA-014,2025-12-27,127369
SURA-SURA-014,2025-12-28,125643
SURA-SURA-014,2025-12-29,142275
SURA-SURA-014,2025-12-30,144537
SURA-SURA-014,2025-12-31,141900
SURA-SURA-014,2026-01-01,133748
SURA-SURA-014,2026-01-02,138367
SURA-SURA-014,2026-01-03,118883
SURA-SURA-014,2026-01-04,114331
SURA-SURA-014,2026-01-05,133525
SURA-SURA-014,2026-01-06,133184
SURA-SURA-014,2026-01-07,134288
SURA-SURA-014,2026-01-08,130400
SURA-SURA-014,2026-01-09,139126
SURA-SURA-014,2026-01-10,126387
SURA-SURA-014,2026-01-11,120262
SURA-SURA-014,2026-01-12,138485
SURA-SURA-014,2026-01-13,130383
SURA-SURA-014,2026-01-14,135369
SURA-SURA-014,2026-01-15,129819
SURA-SURA-014,2026-01-16,134492
SURA-SURA-014,2026-01-17,125137
SURA-SURA-014,2026-01-18,113392
SURA-SURA-014,2026-01-19,137138
SURA-SURA-014,2026-01-20,139786
SURA-SURA-014,2026-01-21,135468
SURA-SURA-014,2026-01-22,130486
SURA-SURA-014,2026-01-23,137230
SURA-SURA-014,2026-01-24,124083
SURA-SURA-014,2026-01-25,120128
SURA-SURA-014,2026-01-26,136625
SURA-SURA-014,2026-01-27,138439
SURA-SURA-014,2026-01-28,129565
SURA-SURA-014,2026-01-29,128114
SURA-SURA-014,2026-01-30,141090
SURA-SURA-014,2026-01-31,124592
SURA-SURA-015,2025-11-01,93081
SURA-SURA-015,2025-11-02,90821
SURA-SURA-015,2025-11-03,102092
SURA-SURA-015,2025-11-04,104979
SURA-SURA-015,2025-11-05,106748
SURA-SURA-015,2025-11-06,100776
SURA-SURA-015,2025-11-07,103622
SURA-SURA-015,2025-11-08,92255
SURA-SURA-015,2025-11-09,92640
SURA-SURA-015,2025-11-10,106406
SURA-SURA-015,2025-11-11,107558
SURA-SURA-015,2025-11-12,101097
SURA-SURA-015,2025-11-13,104008
SURA-SURA-015,2025-11-14,104348
SURA-SURA-015,2025-11-15,94951
SURA-SURA-015,2025-11-16,92550
SURA-SURA-015,2025-11-17,104971
SURA-SURA-015,2025-11-18,105753
SURA-SURA-015,2025-11-19,105198
SURA-SURA-015,2025-11-20,102729
SURA-SURA-015,2025-11-21,107999
SURA-SURA-015,2025-11-22,91524
SURA-SURA-015,2025-11-23,91837
SURA-SURA-015,2025-11-24,103695
SURA-SURA-015,2025-11-25,102808
SURA-SURA-015,2025-11-26,105375
SURA-SURA-015,2025-11-27,104862
SURA-SURA-015,2025-11-28,102704
SURA-SURA-015,2025-11-29,96422
SURA-SURA-015,2025-11-30,87430
SURA-SURA-015,2025-12-01,111369
SURA-SURA-015,2025-12-02,113129
SURA-SURA-015,2025-12-03,111446
SURA-SURA-015,2025-12-04,111163
SURA-SURA-015,2025-12-05,114902
SURA-SURA-015,2025-12-06,101047
SURA-SURA-015,2025-12-07,96621
SURA-SURA-015,2025-12-08,117254
SURA-SURA-015,2025-12-09,112214
SURA-SURA-015,2025-12-10,109421
SURA-SURA-015,2025-12-11,109361
SURA-SURA-015,2025-12-12,112732
SURA-SURA-015,2025-12-13,101932
SURA-SURA-015,2025-12-14,96877
SURA-SURA-015,2025-12-15,110960
SURA-SURA-015,2025-12-16,111717
SURA-SURA-015,2025-12-17,113826
SURA-SURA-015,2025-12-18,112333
SURA-SURA-015,2025-12-19,112416
SURA-SURA-015,2025-12-20,104890
SURA-SURA-015,2025-12-21,97298
SURA-SURA-015,2025-12-22,111670
SURA-SURA-015,2025-12-23,112735
SURA-SURA-015,2025-12-24,106767
SURA-SURA-015,2025-12-25,108591
SURA-SURA-015,2025-12-26,110512
SURA-SURA-015,2025-12-27,103559
SURA-SURA-015,2025-12-28,99544
SURA-SURA-015,2025-12-29,114552
SURA-SURA-015,2025-12-30,115636
SURA-SURA-015,2025-12-31,113800
SURA-SURA-015,2026-01-01,106463
SURA-SURA-015,2026-01-02,111142
SURA-SURA-015,2026-01-03,92366
SURA-SURA-015,2026-01-04,91975
SURA-SURA-015,2026-01-05,104929
SURA-SURA-015,2026-01-06,106334
SURA-SURA-015,2026-01-07,106047
SURA-SURA-015,2026-01-08,105535
SURA-SURA-015,2026-01-09,108208
SURA-SURA-015,2026-01-10,100812
SURA-SURA-015,2026-01-11,96282
SURA-SURA-015,2026-01-12,109398
SURA-SURA-015,2026-01-13,109806
SURA-SURA-015,2026-01-14,107063
SURA-SURA-015,2026-01-15,103617
SURA-SURA-015,2026-01-16,109081
SURA-SURA-015,2026-01-17,99739
SURA-SURA-015,2026-01-18,93499
SURA-SURA-015,2026-01-19,108383
SURA-SURA-015,2026-01-20,106650
SURA-SURA-015,2026-01-21,105722
SURA-SURA-015,2026-01-22,103934
SURA-SURA-015,2026-01-23,110037
SURA-SURA-015,2026-01-24,97309
SURA-SURA-015,2026-01-25,97153
SURA-SURA-015,2026-01-26,108172
SURA-SURA-015,2026-01-27,113757
SURA-SURA-015,2026-01-28,107569
SURA-SURA-015,2026-01-29,103261
SURA-SURA-015,2026-01-30,108641
SURA-SURA-015,2026-01-31,96819
TANG-BODE-001,2025-11-01,113265
TANG-BODE-001,2025-11-02,111095
TANG-BODE-001,2025-11-03,127287
TANG-BODE-001,2025-11-04,127242
TANG-BODE-001,2025-11-05,127344
TANG-BODE-001,2025-11-06,124220
TANG-BODE-001,2025-11-07,126770
TANG-BODE-001,2025-11-08,115199
TANG-BODE-001,2025-11-09,113383
TANG-BODE-001,2025-11-10,129275
TANG-BODE-001,2025-11-11,130032
TANG-BODE-001,2025-11-12,124843
TANG-BODE-001,2025-11-13,124951
TANG-BODE-001,2025-11-14,132408
TANG-BODE-001,2025-11-15,117249
TANG-BODE-001,2025-11-16,112202
TANG-BODE-001,2025-11-17,130651
TANG-BODE-001,2025-11-18,126958
TANG-BODE-001,2025-11-19,125450
TANG-BODE-001,2025-11-20,124239
TANG-BODE-001,2025-11-21,128671
TANG-BODE-001,2025-11-22,110964
TANG-BODE-001,2025-11-23,107605
TANG-BODE-001,2025-11-24,124573
TANG-BODE-001,2025-11-25,123346
TANG-BODE-001,2025-11-26,124693
TANG-BODE-001,2025-11-27,131167
TANG-BODE-001,2025-11-28,124980
TANG-BODE-001,2025-11-29,117338
TANG-BODE-001,2025-11-30,108083
TANG-BODE-001,2025-12-01,135295
TANG-BODE-001,2025-12-02,133475
TANG-BODE-001,2025-12-03,136637
TANG-BODE-001,2025-12-04,139211
TANG-BODE-001,2025-12-05,139158
TANG-BODE-001,2025-12-06,122691
TANG-BODE-001,2025-12-07,121327
TANG-BODE-001,2025-12-08,139980
TANG-BODE-001,2025-12-09,137693
TANG-BODE-001,2025-12-10,134674
TANG-BODE-001,2025-12-11,134928
TANG-BODE-001,2025-12-12,136423
TANG-BODE-001,2025-12-13,126643
TANG-BODE-001,2025-12-14,117100
TANG-BODE-001,2025-12-15,140874
TANG-BODE-001,2025-12-16,134532
TANG-BODE-001,2025-12-17,137327
TANG-BODE-001,2025-12-18,140121
TANG-BODE-001,2025-12-19,135305
TANG-BODE-001,2025-12-20,123590
TANG-BODE-001,2025-12-21,119741
TANG-BODE-001,2025-12-22,137518
TANG-BODE-001,2025-12-23,135920
TANG-BODE-001,2025-12-24,135003
TANG-BODE-001,2025-12-25,133978
TANG-BODE-001,2025-12-26,139964
TANG-BODE-001,2025-12-27,124909
TANG-BODE-001,2025-12-28,121481
TANG-BODE-001,2025-12-29,138375
TANG-BODE-001,2025-12-30,136391
TANG-BODE-001,2025-12-31,134202
TANG-BODE-001,2026-01-01,130265
TANG-BODE-001,2026-01-02,134163
TANG-BODE-001,2026-01-03,113902
TANG-BODE-001,2026-01-04,111321
TANG-BODE-001,2026-01-05,125173
TANG-BODE-001,2026-01-06,128866
TANG-BODE-001,2026-01-07,130912
TANG-BODE-001,2026-01-08,126397
TANG-BODE-001,2026-01-09,130908
TANG-BODE-001,2026-01-10,121314
TANG-BODE-001,2026-01-11,113071
TANG-BODE-001,2026-01-12,134838
TANG-BODE-001,2026-01-13,125745
TANG-BODE-001,2026-01-14,127404
TANG-BODE-001,2026-01-15,122817
TANG-BODE-001,2026-01-16,130908
TANG-BODE-001,2026-01-17,121323
TANG-BODE-001,2026-01-18,113489
TANG-BODE-001,2026-01-19,132690
TANG-BODE-001,2026-01-20,133222
TANG-BODE-001,2026-01-21,127896
TANG-BODE-001,2026-01-22,125367
TANG-BODE-001,2026-01-23,135611
TANG-BODE-001,2026-01-24,117872
TANG-BODE-001,2026-01-25,114868
TANG-BODE-001,2026-01-26,131541
TANG-BODE-001,2026-01-27,136072
TANG-BODE-001,2026-01-28,128299
TANG-BODE-001,2026-01-29,124932
TANG-BODE-001,2026-01-30,134139
TANG-BODE-001,2026-01-31,121146
TANG-BODE-002,2025-11-01,95393
TANG-BODE-002,2025-11-02,91387
TANG-BODE-002,2025-11-03,100378
TANG-BODE-002,2025-11-04,103223
TANG-BODE-002,2025-11-05,106481
TANG-BODE-002,2025-11-06,98649
TANG-BODE-002,2025-11-07,104512
TANG-BODE-002,2025-11-08,94887
TANG-BODE-002,2025-11-09,93531
TANG-BODE-002,2025-11-10,106518
TANG-BODE-002,2025-11-11,108085
TANG-BODE-002,2025-11-12,100191
TANG-BODE-002,2025-11-13,104002
TANG-BODE-002,2025-11-14,103011
TANG-BODE-002,2025-11-15,94150
TANG-BODE-002,2025-11-16,92372
TANG-BODE-002,2025-11-17,103021
TANG-BODE-002,2025-11-18,106334
TANG-BODE-002,2025-11-19,105434
TANG-BODE-002,2025-11-20,103197
TANG-BODE-002,2025-11-21,108229
TANG-BODE-002,2025-11-22,93040
TANG-BODE-002,2025-11-23,88466
TANG-BODE-002,2025-11-24,101656
TANG-BODE-002,2025-11-25,103933
TANG-BODE-002,2025-11-26,104068
TANG-BODE-002,2025-11-27,105028
TANG-BODE-002,2025-11-28,106662
TANG-BODE-002,2025-11-29,96386
TANG-BODE-002,2025-11-30,88907
TANG-BODE-002,2025-12-01,113541
TANG-BODE-002,2025-12-02,113130
TANG-BODE-002,2025-12-03,112883
TANG-BODE-002,2025-12-04,114476
TANG-BODE-002,2025-12-05,114770
TANG-BODE-002,2025-12-06,98145
TANG-BODE-002,2025-12-07,99034
TANG-BODE-002,2025-12-08,114991
TANG-BODE-002,2025-12-09,112146
TANG-BODE-002,2025-12-10,106940
TANG-BODE-002,2025-12-11,110120
TANG-BODE-002,2025-12-12,111039
TANG-BODE-002,2025-12-13,100622
TANG-BODE-002,2025-12-14,97507
TANG-BODE-002,2025-12-15,112672
TANG-BODE-002,2025-12-16,114694
TANG-BODE-002,2025-12-17,113791
TANG-BODE-002,2025-12-18,111879
TANG-BODE-002,2025-12-19,113800
TANG-BODE-002,2025-12-20,102144
TANG-BODE-002,2025-12-21,97542
TANG-BODE-002,2025-12-22,112684
TANG-BODE-002,2025-12-23,112848
TANG-BODE-002,2025-12-24,108270
TANG-BODE-002,2025-12-25,110627
TANG-BODE-002,2025-12-26,111123
TANG-BODE-002,2025-12-27,100929
TANG-BODE-002,2025-12-28,100095
TANG-BODE-002,2025-12-29,113560
TANG-BODE-002,2025-12-30,114730
TANG-BODE-002,2025-12-31,110715
TANG-BODE-002,2026-01-01,104370
TANG-BODE-002,2026-01-02,109683
TANG-BODE-002,2026-01-03,92550
TANG-BODE-002,2026-01-04,90703
TANG-BODE-002,2026-01-05,104324
TANG-BODE-002,2026-01-06,106666
TANG-BODE-002,2026-01-07,107421
TANG-BODE-002,2026-01-08,103531
TANG-BODE-002,2026-01-09,109952
TANG-BODE-002,2026-01-10,99325
TANG-BODE-002,2026-01-11,93676
TANG-BODE-002,2026-01-12,106569
TANG-BODE-002,2026-01-13,107223
TANG-BODE-002,2026-01-14,107253
TANG-BODE-002,2026-01-15,105088
TANG-BODE-002,2026-01-16,106990
TANG-BODE-002,2026-01-17,99025
TANG-BODE-002,2026-01-18,94852
TANG-BODE-002,2026-01-19,110416
TANG-BODE-002,2026-01-20,109688
TANG-BODE-002,2026-01-21,105114
TANG-BODE-002,2026-01-22,104000
TANG-BODE-002,2026-01-23,109357
TANG-BODE-002,2026-01-24,95588
TANG-BODE-002,2026-01-25,95308
TANG-BODE-002,2026-01-26,108822
TANG-BODE-002,2026-01-27,110463
TANG-BODE-002,2026-01-28,107079
TANG-BODE-002,2026-01-29,105145
TANG-BODE-002,2026-01-30,108297
TANG-BODE-002,2026-01-31,99006
TANG-BODE-004,2025-11-01,111182
TANG-BODE-004,2025-11-02,104343
TANG-BODE-004,2025-11-03,120292
TANG-BODE-004,2025-11-04,121442
TANG-BODE-004,2025-11-05,125710
TANG-BODE-004,2025-11-06,117576
TANG-BODE-004,2025-11-07,120378
TANG-BODE-004,2025-11-08,107629
TANG-BODE-004,2025-11-09,111486
TANG-BODE-004,2025-11-10,124450
TANG-BODE-004,2025-11-11,120990
TANG-BODE-004,2025-11-12,121060
TANG-BODE-004,2025-11-13,123879
TANG-BODE-004,2025-11-14,122978
TANG-BODE-004,2025-11-15,110266
TANG-BODE-004,2025-11-16,106556
TANG-BODE-004,2025-11-17,125933
TANG-BODE-004,2025-11-18,125105
TANG-BODE-004,2025-11-19,119906
TANG-BODE-004,2025-11-20,117786
TANG-BODE-004,2025-11-21,125019
TANG-BODE-004,2025-11-22,109364
TANG-BODE-004,2025-11-23,106525
TANG-BODE-004,2025-11-24,117176
TANG-BODE-004,2025-11-25,122214
TANG-BODE-004,2025-11-26,119693
TANG-BODE-004,2025-11-27,119815
TANG-BODE-004,2025-11-28,118452
TANG-BODE-004,2025-11-29,112359
TANG-BODE-004,2025-11-30,101804
TANG-BODE-004,2025-12-01,129455
TANG-BODE-004,2025-12-02,127978
TANG-BODE-004,2025-12-03,134350
TANG-BODE-004,2025-12-04,133702
TANG-BODE-004,2025-12-05,135763
TANG-BODE-004,2025-12-06,117269
TANG-BODE-004,2025-12-07,114182
TANG-BODE-004,2025-12-08,130423
TANG-BODE-004,2025-12-09,131486
TANG-BODE-004,2025-12-10,125730
TANG-BODE-004,2025-12-11,125802
TANG-BODE-004,2025-12-12,127496
TANG-BODE-004,2025-12-13,121236
TANG-BODE-004,2025-12-14,115125
TANG-BODE-004,2025-12-15,133606
TANG-BODE-004,2025-12-16,130981
TANG-BODE-004,2025-12-17,129868
TANG-BODE-004,2025-12-18,129323
TANG-BODE-004,2025-12-19,129820
TANG-BODE-004,2025-12-20,120517
TANG-BODE-004,2025-12-21,112812
TANG-BODE-004,2025-12-22,131064
TANG-BODE-004,2025-12-23,129182
TANG-BODE-004,2025-12-24,128616
TANG-BODE-004,2025-12-25,133268
TANG-BODE-004,2025-12-26,134406
TANG-BODE-004,2025-12-27,119075
TANG-BODE-004,2025-12-28,115724
TANG-BODE-004,2025-12-29,132075
TANG-BODE-004,2025-12-30,132102
TANG-BODE-004,2025-12-31,128982
TANG-BODE-004,2026-01-01,122577
TANG-BODE-004,2026-01-02,128732
TANG-BODE-004,2026-01-03,112339
TANG-BODE-004,2026-01-04,108356
TANG-BODE-004,2026-01-05,122824
TANG-BODE-004,2026-01-06,122628
TANG-BODE-004,2026-01-07,126596
TANG-BODE-004,2026-01-08,122836
TANG-BODE-004,2026-01-09,128656
TANG-BODE-004,2026-01-10,121102
TANG-BODE-004,2026-01-11,109324
TANG-BODE-004,2026-01-12,131231
TANG-BODE-004,2026-01-13,120380
TANG-BODE-004,2026-01-14,128285
TANG-BODE-004,2026-01-15,121697
TANG-BODE-004,2026-01-16,125916
TANG-BODE-004,2026-01-17,116081
TANG-BODE-004,2026-01-18,108252
TANG-BODE-004,2026-01-19,127339
TANG-BODE-004,2026-01-20,127094
TANG-BODE-004,2026-01-21,121869
TANG-BODE-004,2026-01-22,122586
TANG-BODE-004,2026-01-23,128000
TANG-BODE-004,2026-01-24,111525
TANG-BODE-004,2026-01-25,115159
TANG-BODE-004,2026-01-26,124634
TANG-BODE-004,2026-01-27,131273
TANG-BODE-004,2026-01-28,124655
TANG-BODE-004,2026-01-29,123281
TANG-BODE-004,2026-01-30,129149
TANG-BODE-004,2026-01-31,115554
YOGY-YOGY-030,2025-11-01,107568
YOGY-YOGY-030,2025-11-02,104954
YOGY-YOGY-030,2025-11-03,118838
YOGY-YOGY-030,2025-11-04,120250
YOGY-YOGY-030,2025-11-05,119616
YOGY-YOGY-030,2025-11-06,119171
YOGY-YOGY-030,2025-11-07,120438
YOGY-YOGY-030,2025-11-08,108745
YOGY-YOGY-030,2025-11-09,108249
YOGY-YOGY-030,2025-11-10,125339
YOGY-YOGY-030,2025-11-11,122855
YOGY-YOGY-030,2025-11-12,114998
YOGY-YOGY-030,2025-11-13,121844
YOGY-YOGY-030,2025-11-14,122253
YOGY-YOGY-030,2025-11-15,110658
YOGY-YOGY-030,2025-11-16,107403
YOGY-YOGY-030,2025-11-17,121269
YOGY-YOGY-030,2025-11-18,120700
YOGY-YOGY-030,2025-11-19,120057
YOGY-YOGY-030,2025-11-20,119471
YOGY-YOGY-030,2025-11-21,124019
YOGY-YOGY-030,2025-11-22,105016
YOGY-YOGY-030,2025-11-23,104245
YOGY-YOGY-030,2025-11-24,120283
YOGY-YOGY-030,2025-11-25,116926
YOGY-YOGY-030,2025-11-26,121164
YOGY-YOGY-030,2025-11-27,119980
YOGY-YOGY-030,2025-11-28,121634
YOGY-YOGY-030,2025-11-29,110215
YOGY-YOGY-030,2025-11-30,102077
YOGY-YOGY-030,2025-12-01,128623
YOGY-YOGY-030,2025-12-02,129002
YOGY-YOGY-030,2025-12-03,131207
YOGY-YOGY-030,2025-12-04,130746
YOGY-YOGY-030,2025-12-05,134233
YOGY-YOGY-030,2025-12-06,117926
YOGY-YOGY-030,2025-12-07,110911
YOGY-YOGY-030,2025-12-08,129895
YOGY-YOGY-030,2025-12-09,131411
YOGY-YOGY-030,2025-12-10,128181
YOGY-YOGY-030,2025-12-11,121261
YOGY-YOGY-030,2025-12-12,127445
YOGY-YOGY-030,2025-12-13,116571
YOGY-YOGY-030,2025-12-14,112996
YOGY-YOGY-030,2025-12-15,134746
YOGY-YOGY-030,2025-12-16,132023
YOGY-YOGY-030,2025-12-17,130432
YOGY-YOGY-030,2025-12-18,130741
YOGY-YOGY-030,2025-12-19,129846
YOGY-YOGY-030,2025-12-20,117643
YOGY-YOGY-030,2025-12-21,111647
YOGY-YOGY-030,2025-12-22,130576
YOGY-YOGY-030,2025-12-23,131399
YOGY-YOGY-030,2025-12-24,127242
YOGY-YOGY-030,2025-12-25,126864
YOGY-YOGY-030,2025-12-26,127545
YOGY-YOGY-030,2025-12-27,119518
YOGY-YOGY-030,2025-12-28,115038
YOGY-YOGY-030,2025-12-29,134022
YOGY-YOGY-030,2025-12-30,130216
YOGY-YOGY-030,2025-12-31,130951
YOGY-YOGY-030,2026-01-01,122657
YOGY-YOGY-030,2026-01-02,125871
YOGY-YOGY-030,2026-01-03,110436
YOGY-YOGY-030,2026-01-04,107962
YOGY-YOGY-030,2026-01-05,123770
YOGY-YOGY-030,2026-01-06,122506
YOGY-YOGY-030,2026-01-07,126683
YOGY-YOGY-030,2026-01-08,119222
YOGY-YOGY-030,2026-01-09,125681
YOGY-YOGY-030,2026-01-10,117401
YOGY-YOGY-030,2026-01-11,110127
YOGY-YOGY-030,2026-01-12,128504
YOGY-YOGY-030,2026-01-13,126154
YOGY-YOGY-030,2026-01-14,122873
YOGY-YOGY-030,2026-01-15,120684
YOGY-YOGY-030,2026-01-16,122279
YOGY-YOGY-030,2026-01-17,115555
YOGY-YOGY-030,2026-01-18,108092
YOGY-YOGY-030,2026-01-19,128000
YOGY-YOGY-030,2026-01-20,124400
YOGY-YOGY-030,2026-01-21,124405
YOGY-YOGY-030,2026-01-22,118097
YOGY-YOGY-030,2026-01-23,127982
YOGY-YOGY-030,2026-01-24,113836
YOGY-YOGY-030,2026-01-25,108963
YOGY-YOGY-030,2026-01-26,127975
YOGY-YOGY-030,2026-01-27,130945
YOGY-YOGY-030,2026-01-28,123361
YOGY-YOGY-030,2026-01-29,124637
YOGY-YOGY-030,2026-01-30,127692
YOGY-YOGY-030,2026-01-31,113006
YOGY-YOGY-031,2025-11-01,113006
YOGY-YOGY-031,2025-11-02,108794
YOGY-YOGY-031,2025-11-03,122939
YOGY-YOGY-031,2025-11-04,131721
YOGY-YOGY-031,2025-11-05,126415
YOGY-YOGY-031,2025-11-06,121379
YOGY-YOGY-031,2025-11-07,127300
YOGY-YOGY-031,2025-11-08,110883
YOGY-YOGY-031,2025-11-09,109799
YOGY-YOGY-031,2025-11-10,128351
YOGY-YOGY-031,2025-11-11,128382
YOGY-YOGY-031,2025-11-12,119916
YOGY-YOGY-031,2025-11-13,125141
YOGY-YOGY-031,2025-11-14,126805
YOGY-YOGY-031,2025-11-15,116391
YOGY-YOGY-031,2025-11-16,111993
YOGY-YOGY-031,2025-11-17,126802
YOGY-YOGY-031,2025-11-18,128171
YOGY-YOGY-031,2025-11-19,125518
YOGY-YOGY-031,2025-11-20,123338
YOGY-YOGY-031,2025-11-21,129678
YOGY-YOGY-031,2025-11-22,111353
YOGY-YOGY-031,2025-11-23,109698
YOGY-YOGY-031,2025-11-24,123129
YOGY-YOGY-031,2025-11-25,125837
YOGY-YOGY-031,2025-11-26,123272
YOGY-YOGY-031,2025-11-27,126149
YOGY-YOGY-031,2025-11-28,125726
YOGY-YOGY-031,2025-11-29,116774
YOGY-YOGY-031,2025-11-30,106639
YOGY-YOGY-031,2025-12-01,133322
YOGY-YOGY-031,2025-12-02,133505
YOGY-YOGY-031,2025-12-03,137428
YOGY-YOGY-031,2025-12-04,133637
YOGY-YOGY-031,2025-12-05,142136
YOGY-YOGY-031,2025-12-06,121236
YOGY-YOGY-031,2025-12-07,117110
YOGY-YOGY-031,2025-12-08,138805
YOGY-YOGY-031,2025-12-09,132995
YOGY-YOGY-031,2025-12-10,131735
YOGY-YOGY-031,2025-12-11,132426
YOGY-YOGY-031,2025-12-12,134867
YOGY-YOGY-031,2025-12-13,123485
YOGY-YOGY-031,2025-12-14,119124
YOGY-YOGY-031,2025-12-15,138405
YOGY-YOGY-031,2025-12-16,133468
YOGY-YOGY-031,2025-12-17,135456
YOGY-YOGY-031,2025-12-18,133155
YOGY-YOGY-031,2025-12-19,132088
YOGY-YOGY-031,2025-12-20,123713
YOGY-YOGY-031,2025-12-21,116914
YOGY-YOGY-031,2025-12-22,135731
YOGY-YOGY-031,2025-12-23,137523
YOGY-YOGY-031,2025-12-24,130029
YOGY-YOGY-031,2025-12-25,132289
YOGY-YOGY-031,2025-12-26,135441
YOGY-YOGY-031,2025-12-27,125018
YOGY-YOGY-031,2025-12-28,121852
YOGY-YOGY-031,2025-12-29,138294
YOGY-YOGY-031,2025-12-30,139120
YOGY-YOGY-031,2025-12-31,139428
YOGY-YOGY-031,2026-01-01,126941
YOGY-YOGY-031,2026-01-02,133592
YOGY-YOGY-031,2026-01-03,112568
YOGY-YOGY-031,2026-01-04,109821
YOGY-YOGY-031,2026-01-05,126413
YOGY-YOGY-031,2026-01-06,128796
YOGY-YOGY-031,2026-01-07,129354
YOGY-YOGY-031,2026-01-08,128467
YOGY-YOGY-031,2026-01-09,129795
YOGY-YOGY-031,2026-01-10,121450
YOGY-YOGY-031,2026-01-11,113617
YOGY-YOGY-031,2026-01-12,132736
YOGY-YOGY-031,2026-01-13,125169
YOGY-YOGY-031,2026-01-14,128728
YOGY-YOGY-031,2026-01-15,124191
YOGY-YOGY-031,2026-01-16,132294
YOGY-YOGY-031,2026-01-17,118188
YOGY-YOGY-031,2026-01-18,109931
YOGY-YOGY-031,2026-01-19,130770
YOGY-YOGY-031,2026-01-20,130377
YOGY-YOGY-031,2026-01-21,133119
YOGY-YOGY-031,2026-01-22,125744
YOGY-YOGY-031,2026-01-23,130158
YOGY-YOGY-031,2026-01-24,116093
YOGY-YOGY-031,2026-01-25,113235
YOGY-YOGY-031,2026-01-26,127833
YOGY-YOGY-031,2026-01-27,134677
YOGY-YOGY-031,2026-01-28,126135
YOGY-YOGY-031,2026-01-29,128462
YOGY-YOGY-031,2026-01-30,132273
YOGY-YOGY-031,2026-01-31,120077
